Year,Title,Genre,Plot,Actors,Director,Rated,Runtime,Metascore
2015,The SpongeBob Movie: Sponge Out of Water,"Animation, Adventure, Comedy","When a diabolical pirate above the sea steals the secret Krabby Patty formula, SpongeBob and his friends team up in order to get it back.","Tom Kenny, Antonio Banderas, Bill Fagerbakke","Paul Tibbitt, Mike Mitchell",PG,92 min,62
2015,The Peanuts Movie,"Animation, Adventure, Comedy","Snoopy embarks upon his greatest mission as he and his team take to the skies to pursue their archnemesis, while his best pal Charlie Brown begins his own epic quest back home to win the love of his life.","Noah Schnapp, Bill Melendez, Hadley Belle Miller",Steve Martino,G,88 min,67
2015,Shaun the Sheep Movie,"Animation, Adventure, Comedy","When Shaun decides to take the day off and have some fun, he gets a little more action than he bargained for. A mix up with the Farmer, a caravan and a very steep hill lead them all to the Big City and it's up to Shaun and the flo...","Justin Fletcher, John Sparkes, Omid Djalili","Mark Burton, Richard Starzak",PG,85 min,81
2015,My Scientology Movie,Documentary,Louis Theroux documents his investigation into what goes on behind the scenes of the infamous Church of Scientology.,"Louis Theroux, Tom Cruise, Marty Rathbun",John Dower,Not Rated,99 min,62
2015,Boruto: Naruto the Movie,"Animation, Action, Adventure","It's been some years since the end of the Shinobi War. Naruto Uzumaki is the 7th Hokage of Konohagakure, in this new era. His son, Boruto Uzumaki, will soon enter the Chûnin exams, alongside Sarada Uchiha and the mysterious Mitsuki.","Yûko Sanpei, Kokoro Kikuchi, Ryûichi Kijima","Hiroyuki Yamashita, Toshiyuki Tsuru",PG,95 min,N/A
2015,The Bad Education Movie,Comedy,Mr Wickers and his class go on one final school trip after they finish their GCSEs.,"Jack Whitehall, Charlie Wernham, Nikki Runeckles",Elliot Hegarty,Not Rated,90 min,N/A
2015,Smosh: The Movie,"Adventure, Comedy, Fantasy",An embarrassing video of Anthony surfaces online right before his fifth high school reunion. The Smosh dudes then take a portal into YouTube and race to change the video and re-write history before it blows Anthony's chances of re...,"Ian Hecox, Anthony Padilla, Michael Ian Black",Alex Winter,PG-13,84 min,N/A
2015,Regular Show: The Movie,"Animation, Action, Adventure","To save the universe, and their friendship, Mordecai and Rigby must defeat an evil volleyball coach.","J.G. Quintel, William Salyers, Sam Marin",J.G. Quintel,TV-PG,70 min,N/A
2015,Psycho-Pass: The Movie,"Animation, Action, Crime","In this sequel to Psycho-Pass TV show, Inspector Tsunemori is sent to a neighboring war-torn nation, where the Sibyl System is being introduced as an experiment, to find Shinya Kogami, her former enforcer who went rogue three year...","Bryn Apprill, Major Attaway, Z. Charles Bolton","Naoyoshi Shiotani, Katsuyuki Motohiro",TV-MA,113 min,N/A
2015,Ghost in the Shell: The New Movie,"Animation, Action, Sci-Fi","Newport-City 2029: Major, an advanced female cyborg, is in charge of the anti-terrorism etc. unit reporting directly to the government. Taking out terrorists and freeing hostages at an embassy doesn't go smoothly. Major investigat...","Maaya Sakamoto, Ken'ichirô Matsuda, Ikkyû Jaku","Motonobu Hori, Shinji Itadaki, Kazuchika Kise",TV-MA,100 min,N/A
