Year,Title,Genre,Plot,Actors,Director,Rated,Runtime,Metascore
2009,Hannah Montana: The Movie,"Comedy, Drama, Family","As Hannah Montana's popularity begins to take over her life, Miley Stewart, on the urging from her father takes a trip to her hometown of Crowley Corners, Tennessee to get some perspective on what matters in life the most.","Miley Cyrus, Emily Osment, Billy Ray Cyrus",Peter Chelsom,G,102 min,47
2009,Wizards of Waverly Place: The Movie,"Action, Adventure, Comedy",A young wizard conjures a spell that puts her family in jeopardy.,"Selena Gomez, David Henrie, Jake T. Austin",Lev L. Spiro,TV-G,94 min,N/A
2009,Best Worst Movie,"Documentary, Comedy","A look at the making of the film Troll 2 (1990) and its journey from being crowned the ""worst film of all time"" to a cherished cult classic.","George Hardy, Pita Ray, Micki Knox",Michael Paul Stephenson,Not Rated,93 min,61
2009,Naruto Shippûden: The Movie 3: Inheritors of the Will of Fire,"Animation, Action, Fantasy","Ninjas with bloodline limits begin disappearing in all the countries and blame points toward the fire nation. By Tsunade's order, Kakashi is sacrificed to prevent an all out war. Naruto fights through friends and foes to prevent h...","Junko Takeuchi, Chie Nakamura, Satoshi Hino",Masahiko Murata,Not Rated,95 min,N/A
2009,Spanish Movie,Comedy,A spoof of contemporary Spanish movies.,"Alexandra Jiménez, Sílvia Abril, Carlos Areces",Javier Ruiz Caldera,N/A,83 min,N/A
2009,"Road, Movie","Adventure, Comedy, Crime",A young man's journey across the mythic Indian landscape becomes a life-changing odyssey.,"Abhay Deol, Satish Kaushik, Tannishtha Chatterjee",Dev Benegal,Not Rated,95 min,N/A
2009,Gurren Lagann the Movie: The Lights in the Sky are Stars,"Animation, Action, Drama","Seven years after the defeat of the Spiral King, Simon and the Dai-Gurren brigade must set out to the vastness of space to defeat a new threat and save the universe. The last high-stakes battle for Simon and his team is about to b...","Steve Blum, Johnny Yong Bosch, G.K. Bowes","Hiroyuki Imaishi, Yasuhiro Geshi, Hiroshi Ikehata",PG-13,126 min,N/A
2009,Nodame Cantabile: The Movie I,"Comedy, Drama, Music","Aspiring conductor Chiaki Shinichi and talented but undisciplined pianist Noda Megumi (nicknamed ""Nodame"") travel to Paris to pursue careers as classical musicians. Chiaki finds himself at the helm of an orchestra that has fallen ...","Juri Ueno, Hiroshi Tamaki, Eita Nagayama",Hideki Takeuchi,N/A,122 min,N/A
2009,Totally Spies! The Movie,"Animation, Action, Adventure","In their first mission as, like, total spies, three newly-befriended teen girls investigate the disappearances of people across Beverly Hills, uncovering a plot involving trendy makeover machines, a fancy space hotel and global de...","Andrea Baker, Katie Griffin, Jennifer Hale",Pascal Jardin,TV-Y7-FV,75 min,N/A
2009,Another Egg and Chicken Movie,"Animation, Action, Adventure","A witch egg has kidnapped Toto who is already a chicken, and he wants his heart for his magic trick, so Willy and his friends are going to rescue him.","Bruno Bichir, Carlos Espejel, Angélica Vale","Gabriel Riva Palacio Alatriste, Rodolfo Riva Palacio Alatriste",TV-Y7,90 min,N/A
