Year,Title,Genre,Plot,Actors,Director,Rated,Runtime,Metascore
1928,Movie Mania,"Short, Comedy","Part of a short-lived ""Izzie and Lizzie"" series named after the male and female ingénues in two comically contrasted families living next door to one another, this slapstick adventure finds Lizzie Murphy (Bess True) ""going Hollywo...","Georgie Chapman, Bess True, Billy Gilbert",N/A,Not Rated,18 min,N/A
1928,The Movie Man,"Short, Comedy",N/A,"Charley Rogers, Violet Palmer, Walter Rodgers",Archie Mayo,N/A,9 min,N/A
1928,The Movie Horoscope,N/A,"A series of twelve short films based on the twelve signs of the Zodiac, one for each month, titled chronologically from ""People Born in January"" to ""People Born in December."" 2-strip ...",N/A,James A. FitzPatrick,N/A,N/A,N/A
1928,Movie Crazy,N/A,N/A,"Atsushi Watanabe, Junko Kume, Takeshi Sakamoto, Kenji Ôyama",Torajirô Saitô,N/A,N/A,N/A
