Year,Title,Genre,Plot,Actors,Director,Rated,Runtime,Metascore
1980,Cheech and Chong's Next Movie,"Comedy, Crime","Cheech and Chong live in a decrepit old house and drive their neighbour crazy with their loud music, weed smoking and general anarchy and slacker view on life. Then Chong meets Cheech's Texan cousin Red and things kick up a notch.","Cheech Marin, Tommy Chong, Evelyn Guerrero",Tommy Chong,R,99 min,66
1980,The Gong Show Movie,Comedy,"A week in the life of ""The Gong Show"" host and creator Chuck Barris who lives through a series of outrageous competitors, stressful situations, a nervous breakdown and other comical characters involved in his life and work on the ...","Chuck Barris, Robin Altman, Brian O'Mullin",Chuck Barris,R,89 min,N/A
1980,The Making of Superman: The Movie,Documentary,"Ernie Anderson narrates this look at the making of Richard Donner's blockbuster 1978 film. Behind-the-scenes footage, as well as scenes from the film, reveal just how audiences were able to ""believe a man can fly"". This program fe...","Ernie Anderson, Christopher Reeve, Marlon Brando",Iain Johnstone,N/A,52 min,N/A
1980,Denshi Sentai Denjiman: The Movie,"Action, Sci-Fi",N/A,"Shin'ichi Yûki, Kenji Ôba, Eiichi Tsuyama",N/A,N/A,N/A,N/A
1980,From the Apennines to the Andes: The Movie,"Animation, Adventure, Drama","A young Italian boy named Marco is devastated when his mother must leave home to work in Argentina to pay off the family debt. She sends the family letters, but soon the messages stop coming, which worries Marco and sets him off o...","Kiyoshi Kawakubo, Yoshiko Matsuo, Ichirô Nagai",Isao Takahata,N/A,107 min,N/A
1980,Ann-Margret: Hollywood Movie Girls,"Comedy, Music",A salute to the femmes fatale of Hollywood's past.,"Ann-Margret, George Burns, Dom DeLuise",Dwight Hemion,N/A,90 min,N/A
1980,The American Movie Awards,N/A,N/A,"Susan Anton, Angie Dickinson, Clint Eastwood, Peter Falk",N/A,N/A,N/A,N/A
1980,Making Xanadu: The Musical Fantasy Movie,"Documentary, Fantasy, Musical",N/A,"Olivia Newton-John, Gene Kelly, Michael Beck",Alan Metter,N/A,23 min,N/A
1980,The Funniest Movie,N/A,N/A,"Kenny Bee, Emily Y. Chang, Sylvia Chang",Chun-Liang Chen,N/A,91 min,N/A
1980,Class Project: The Garbage Movie,Short,N/A,N/A,Martin Defalco,N/A,23 min,N/A
