Year,Title,Genre,Plot,Actors,Director,Rated,Runtime,Metascore
2004,The SpongeBob SquarePants Movie,"Animation, Adventure, Comedy","SpongeBob takes leave from Bikini Bottom in order to track down, with Patrick, King Neptune's stolen crown.","Tom Kenny, Jeffrey Tambor, Rodger Bumpass","Stephen Hillenburg, Mark Osborne",PG,87 min,66
2004,Garfield: The Movie,"Adventure, Comedy, Family","Jon Arbuckle buys a second pet, a dog named Odie. However, Odie is then abducted and it is up to Jon's cat, Garfield, to find and rescue the canine.","Breckin Meyer, Jennifer Love Hewitt, Stephen Tobolowsky",Peter Hewitt,PG,80 min,27
2004,Yu-Gi-Oh!: The Movie - Pyramid of Light,"Animation, Action, Adventure","Underneath the sands of Egypt, Anubis, an ancient evil spirit, has awakened. It's up to Yugi, who defeated Anubis centuries ago, to use his skill and determination to rid the world of evil once again.","Dan Green, Eric Stuart, Amy Birnbaum",Hatsuki Tsuji,PG,90 min,15
2004,Naruto the Movie: Ninja Clash in the Land of Snow,"Animation, Action, Adventure",Naruto and his team are hired to protect a young actress from three rogue warriors in the Land of the Snow.,"Junko Takeuchi, Chie Nakamura, Noriaki Sugiyama",Tensai Okamura,TV-14,82 min,N/A
2004,Pokémon the Movie: Destiny Deoxys,"Animation, Action, Adventure","A comet bearing a deadly Pokemon creature crash-lands onto Earth, terrorising a nearby high-tech city, where Ash, Pikachu and friends are currently visiting...","Veronica Taylor, Eric Stuart, Amy Birnbaum",Kunihiko Yuyama,Not Rated,98 min,N/A
2004,The Cutting Edge: The Magic of Movie Editing,"Documentary, History",Documentary about the art of film editing. Clips are shown from many groundbreaking films with innovative editing styles.,"Kathy Bates, Zach Staenberg, Jodie Foster",Wendy Apple,TV-PG,98 min,N/A
2004,Inuyasha the Movie 4: Fire on the Mystic Island,"Animation, Action, Adventure",The past catches up with the world of Inuyasha and Kagome's present in a form they could never have anticipated.,"Kappei Yamaguchi, Satsuki Yukino, Kôji Tsujitani",Toshiya Shinohara,Not Rated,89 min,N/A
2004,Comic Book: The Movie,Comedy,The relationship between Hollywood and comic book culture is lambasted in this mockumentary as a beloved heroic character is rung through the studio system.,"Mark Hamill, Donna D'Errico, Billy West, Joseph Burns",Mark Hamill,PG-13,106 min,N/A
2004,Clifford's Really Big Movie,"Animation, Adventure, Comedy","Worried that he costs too much to feed, Clifford runs away to join a carnival act and help win a lifetime supply of Tummy Yummies.","John Ritter, Cree Summer, Kel Mitchell","Robert C. Ramirez, Steve Trenbirth",G,74 min,49
2004,See This Movie,Comedy,Two bumbling but determined three-day film school graduates enter the Montreal World Film Festival with a feature film that doesn't exist.,"John Cho, Seth Meyers, Raymond O'Connor",David M. Rosenthal,R,82 min,N/A
