Year,Title,Genre,Plot,Actors,Director,Rated,Runtime,Metascore
2013,Movie 43,Comedy,A series of interconnected short films follows a washed-up producer as he pitches insane story lines featuring some of the biggest stars in Hollywood.,"Emma Stone, Stephen Merchant, Richard Gere","Elizabeth Banks, Steven Brill, Steve Carr",R,94 min,18
2013,Scary Movie V,"Comedy, Horror","A couple begin to experience some unusual activity after bringing their lost nieces and nephew home. With the help of home-surveillance cameras, they learn they're being stalked by a nefarious demon.","Simon Rex, Ashley Tisdale, Charlie Sheen","Malcolm D. Lee, David Zucker",PG-13,86 min,11
2013,Teen Beach Movie,"Comedy, Family, Fantasy","Two surfing lovers, whose doomed relationship is nearing to a close, find themselves swept into a dimension-traversing wave that sends them into a beach movie musical in the 60's.","Ross Lynch, Maia Mitchell, Gracie Gillam",Jeffrey Hornaday,Not Rated,110 min,N/A
2013,Steins;Gate: The Movie - Load Region of Déjà Vu,"Animation, Mystery, Sci-Fi","After the events of the anime, Rintarou begins to feel the repercussions of extensive time travel, and eventually completely fades from reality. Kurisu, being the only companion to remember him, now must find a way to bring him back.","Mamoru Miyano, Asami Imai, Kana Hanazawa","Kanji Wakabayashi, Hiroshi Hamasaki, Takuya Satô",TV-14,90 min,N/A
2013,Lego Batman: The Movie - DC Super Heroes Unite,"Animation, Action, Adventure, Family, Sci-Fi","When the Joker and Lex Luthor form an alliance, Batman must team up with the Justice League in order to stop them.","Clancy Brown, Troy Baker, Christopher Corey Smith, Charlie Schlatter",Jon Burton,Not Rated,71 min,N/A
2013,Puella Magi Madoka Magica the Movie Part III: The Rebellion Story,"Animation, Drama, Fantasy",Madoka Kaname used to be a normal girl living happy days of her life. This all ended when she sacrificed herself in order to save other magical girls from the utterly cruel fate that awaited them. Unable to let her memories of Mad...,"Aoi Yûki, Chiwa Saitô, Eri Kitamura","Takashi Kawabata, Yukihiro Miyamoto, Akiyuki Shinbô",Not Rated,116 min,N/A
2013,Gintama the Movie: The Final Chapter - Be Forever Yorozuya,"Animation, Action, Comedy",Gintoki travels into the future and discovers it to be a wasteland with his friends fallen apart. He reunites them to find out what went wrong and how to fix things.,"Tomokazu Sugita, Daisuke Sakaguchi, Rie Kugimiya",Yôichi Fujita,N/A,110 min,N/A
2013,Anohana the Movie: The Flower We Saw That Day (Ano hi mita hana no namae wo bokutachi wa mada shiran,"Animation, Adventure, Drama",A group of friends were separated when one of them died in an accident. Later on she comes back as a ghost trying to get into heaven but to do that her friends must grant her a wish.,"Kenji Akabane, Megumi Han, Ikumi Hayama",Tatsuyuki Nagai,M,99 min,N/A
2013,The Harry Hill Movie,"Adventure, Comedy, Family","When he thinks his hamster Abu (Johnny Vegas) has just a week to live, Harry Hill (Harry Hill) and his Nan (Dame Julie Walters) take the hamster to Blackpool. However, Harry's twin Otto (Matt Lucas) wants to kidnap Abu, and sends ...","Harry Hill, Julie Walters, Johnny Vegas",Steve Bendelack,N/A,88 min,N/A
2013,Jay and Silent Bob's Super Groovy Cartoon Movie,"Animation, Comedy","Jay and Silent Bob hit the lottery jackpot, and use their cash windfall to become crime-fighting superheroes.","Marc Bernardin, Ming Chen, Matt Cohen",Steve Stark,Not Rated,64 min,N/A
