Year,Title,Genre,Plot,Actors,Director,Rated,Runtime,Metascore
1967,Marvo Movie,Short,N/A,N/A,Jeff Keen,N/A,5 min,N/A
1967,Speed Racer: The Movie,Animation,"Speed Racer, his girlfriend Trixie and all the gang are in a desperate race to save hundreds of lives from the evil clutches of ""The Car Hater."" Speed's daring driving is sure to thrill kids and parents alike!","Peter Fernandez, Corinne Orr, Jack Grimes",N/A,Not Rated,69 min,N/A
1967,The Mad Movie Maker,"Animation, Short","Mr. Flick, uses a projected image of a meteor to scare everyone out of the city, leaving him free to loot it.","Frank Buxton, Len Maxwell",Hal Seeger,N/A,5 min,N/A
1967,Star Trek: The 8mm Movie,"Short, Sci-Fi",N/A,"Rusty Rizzardi, John Callahan, Phillip Maddin",John Callahan,N/A,3 min,N/A
1967,Bob Dylan's Circus Movie,Drama,N/A,"Bob Dylan, Richard Manuel, N. Paul Stookey, Tiny Tim",Bob Dylan,N/A,N/A,N/A
1967,You Only Live Twice (1967)/Double Indemnity (1944)- 49 Movie Buff Specialists (Ep 52),N/A,N/A,N/A,N/A,N/A,N/A,N/A
