Year,Title,Genre,Plot,Actors,Director,Rated,Runtime,Metascore
2010,Fred: The Movie,"Adventure, Comedy, Family","Lovestruck, awkward teen Fred Figglehorn makes desperate attempts to make Judy fall in love with him - while also dodging the mischievous Kevin.","Lucas Cruikshank, Pixie Lott, Jake Weary",Clay Weiner,TV-PG,81 min,N/A
2010,"Ultramarines: A Warhammer 40,000 Movie","Animation, Action, Fantasy","A squad of Ultramarines answer a distress call from an Imperial Shrine World. A full Company of Imperial Fists was stationed there, but there is no answer from them. The squad investigates to find out what has happened there.","Terence Stamp, John Hurt, Sean Pertwee",Martyn Pick,R,76 min,N/A
2010,The Drawn Together Movie!,"Animation, Comedy, Mystery",Eight housemates on a fake animated reality TV show realize they've been canceled and set off on a journey to get back on the air.,"Adam Carolla, Carol Channing, Christine Ebersole",Greg Franklin,Unrated,70 min,N/A
2010,Bleach the Movie: Hell Verse,"Animation, Action, Adventure","When Ichigo's sister Yuzu is kidnapped by sinners &amp; he is asked to do something for them in order to get his sister released. Ichigo must find a way to take his sister back from hell with the help of Rukia, Renji &amp; Uryu.","Masakazu Morita, Fumiko Orikasa, Kazuya Nakai","Noriyuki Abe, Yuzuru Tachikawa",TV-14,94 min,N/A
2010,Khichdi: The Movie,"Comedy, Family","In order to immortalize his love, a groom decides to create conflict between his and his to-be bride's families.","Anang Desai, Supriya Pathak, Rajeev Mehta",Aatish Kapadia,Not Rated,120 min,N/A
2010,Gintama: The Movie,"Animation, Action, Comedy","The silver-haired samurai Sakata Gintoki investigates the disappearance of a legendary sword named Benizakura while his partners Kagura and Shimura Shinpachi try to find out what has happened to Gintoki's friend, Kotaro Katsura.","Tomokazu Sugita, Daisuke Sakaguchi, Rie Kugimiya",Shinji Takamatsu,TV-14,96 min,N/A
2010,The Parking Lot Movie,Documentary,"Hailed as the ""most feel-good film"" of the South by Southwest Film Festival 2010, The Parking Lot Movie follows a select group of artistic and overeducated parking lot attendants as they wage war against the people who park in the...","Patrick Baran, John Beers, Chris Farina",Meghan Eckman,PG,74 min,63
2010,Oki's Movie,"Comedy, Drama","A love story between a middle-aged professor, a young student who prepares a movie and a student/film-maker who drinks too much.","Lee Sun-kyun, Jung Yu-mi, Moon Sung-keun",Hong Sang-soo,Not Rated,80 min,78
2010,Iris: The Movie,"Action, Adventure, Drama","South Korean National Security Service normally deals with North Korea, but now NSS must deal with IRIS terrorists with a nuke.","Lee Byung-hun, Kim Tae-hee, Kim So-yeon","Kyoo-tae Kim, Yun-ho Yang",Not Rated,125 min,N/A
2010,Nodame Cantabile: The Movie II,"Comedy, Drama, Music","Nodame (Juri Ueno) is still pining for the affections of Chiaki (Hiroshi Tamaki), but Chiaki wants them to concentrate on their musical careers and moves out. Chiaki then gets the opportunity to perform with Song Rui (Yu Yamada) a...","Juri Ueno, Hiroshi Tamaki, Eita Nagayama","Yasuhiro Kawamura, Hideki Takeuchi",N/A,123 min,N/A
