Year,Title,Genre,Plot,Actors,Director,Rated,Runtime,Metascore
1994,It's Pat: The Movie,Comedy,The comedic misadventures of a person of indeterminate gender.,"Julia Sweeney, Dave Foley, Charles Rocket",Adam Bernstein,PG-13,77 min,N/A
1994,Street Fighter II: The Animated Movie,"Animation, Action, Adventure","A crime boss searching for the world's best fighters pursues a talented Japanese drifter and his American ex-classmate, while an Interpol agent and a US Army captain seek to bring him down.","Kôjiro Shimizu, Kenji Haga, Miki Fujitani",Gisaburô Sugii,PG-13,102 min,N/A
1994,Sailor Moon S: The Movie - Hearts in Ice,"Animation, Action, Comedy","An unusual snow storm hits the town and the Sailor Scouts discover that an evil snow queen Kaguya, wants to freeze the entire earth. It's up to the Inner Sailor Scouts along with the Outers, to defeat the Queen. Meanwhile, Luna fa...","Kotono Mitsuishi, Aya Hisakawa, Michie Tomizawa",Hiroki Shibata,TV-14,60 min,N/A
1994,Slam Dunk: The Movie,"Animation, Short, Drama","Sakuragi and the Shohoko team takes on Oda and Takezono High School. This is Sakuragi's second match as he faces Oda, a basketball player who went to the same junior high.","Eriko Hara, Akiko Hiramatsu, Atsushi Kisaichi",Nobutaka Nishizawa,TV-PG,30 min,N/A
1994,Movie Days,Drama,The story of a boyhood spent in Iceland in the 1960s. Tomas loves the movies and is highly influenced by them.,"Örvar Jens Arnarsson, Rúrik Haraldsson, Sigrún Hjálmtýsdóttir",Friðrik Þór Friðriksson,N/A,82 min,N/A
1994,Fredrikssons fabrikk - The movie,Comedy,"This farcical movie takes place in a tiny dress factory in Norway. The company ""Fredrikssons Fashion"" is owned and run by a Swede. His employees are a bunch of ladies who think of their job as an opportunity for socializing for wh...","Magnus Härenstam, Brit Elisabeth Haagensli, Geir Kvarme",Bo Hermansson,N/A,92 min,N/A
1994,Murder or Memory: A Moment of Truth Movie,"Crime, Drama, Thriller",A mother fights to prove her 14-year-old son is innocent of a murder he confessed to under hypnosis.,"Leigh Taylor-Young, Michael Brandon, Karl David-Djerf",Christopher Leitch,N/A,105 min,N/A
1994,Fake Movie Page,N/A,N/A,N/A,Saji,N/A,N/A,N/A
1994,Amba - First Movie,"Animation, Short, Sci-Fi",People grow genetically modified plants using the brain of a dog and a man-octopus.,"Lyudmila Gnilova, Vsevolod Abdulov, Aleksandr Lushchik",Gennadiy Tishchenko,N/A,8 min,N/A
1994,1994 MTV Movie Awards,Family,The third annual MTV Movie Awards. Hosted by rapper and actor Will Smith.,"Will Smith, Tom Arnold, Backbeat, William Baldwin",Bruce Gowers,N/A,N/A,N/A
