Year,Title,Genre,Plot,Actors,Director,Rated,Runtime,Metascore
2002,Jackass: The Movie,"Documentary, Action, Comedy",Johnny Knoxville and his band of maniacs perform a variety of stunts and gross-out gags on the big screen for the first time.,"Johnny Knoxville, Bam Margera, Chris Pontius",Jeff Tremaine,R,85 min,42
2002,The Powerpuff Girls Movie,"Animation, Action, Adventure","After destroying the city of Townsville in a game of tag, a trio of super-powered little girls must redeem themselves by stopping a vengeful monkey's plot for world domination.","Cathy Cavadini, Tara Strong, Elizabeth Daily",Craig McCracken,PG,73 min,65
2002,Hey Arnold! The Movie,"Animation, Adventure, Comedy",Arnold and company must recover a stolen document needed in order to prevent the neighborhood from being bulldozed.,"Spencer Klein, Francesca Marie Smith, Jamil Walker Smith",Tuck Tucker,PG,76 min,47
2002,It's a Very Merry Muppet Christmas Movie,"Adventure, Comedy, Family","After the Muppet Theater faces closure on account of financial hardships, angel Daniel requests Boss to help its owner Kermit the Frog and his team of muppets","Steve Whitmire, Dave Goelz, Bill Barretta",Kirk R. Thatcher,TV-G,100 min,N/A
2002,Jonah: A VeggieTales Movie,"Animation, Adventure, Comedy","When the singing Veggies encounter some car trouble, they are stranded at an old rundown seafood joint, where nothing is quite as it seems.","Phil Vischer, Mike Nawrocki, Tim Hodge","Phil Vischer, Mike Nawrocki",G,82 min,58
2002,Hundtricket - The Movie,"Comedy, Drama, Romance",A shy but very romantic young man tries to meet a girl by walking a borrowed dog. The trick works unbelievably well. They fall in love.,"Linus Wahlgren, Josephine Bornebusch, Alexander Skarsgård","Christian Eklöw, Christopher Panov",N/A,106 min,N/A
2002,InuYasha the Movie 2: The Castle Beyond the Looking Glass,"Animation, Action, Comedy","After seemingly defeating their common enemy, Naraku, what appears to be the near-end of their journey instead leads Inuyasha and Kagome facing against a new threat.","Kappei Yamaguchi, Satsuki Yukino, Kôji Tsujitani",Toshiya Shinohara,Not Rated,99 min,N/A
2002,2002 MTV Movie Awards,N/A,The eleventh annual MTV Movie Awards on MTV. Hosted by Jack Black and Sarah Michelle Gellar.,"Jack Black, Sarah Michelle Gellar, Kate Beckinsale",Bruce Gowers,N/A,120 min,N/A
2002,Joan Crawford: The Ultimate Movie Star,Documentary,"In this documentary on the life of Joan Crawford, it is learned why she should be remembered as the great actress she was, and not only as the ""Mommie Dearest"" caricature she has become. Friends, fellow actors, directors, and othe...","Anjelica Huston, Diane Baker, Charles Busch",Peter Fitzgerald,Unrated,87 min,N/A
2002,The Real World Movie: The Lost Season,Comedy,"Things get a little crazy when an obsessed fan, who has been rejected during the audition process numerous times, kidnaps the cast and brings them to a new house. Here, he films them, using highly sophisticated camera equipment th...","Bryan Kirkwood, Matthew Currie Holmes, Shani Pride",Jeffrey Reiner,N/A,87 min,N/A
