Year,Title,Genre,Plot,Actors,Director,Rated,Runtime,Metascore
1985,The Care Bears Movie,"Animation, Adventure, Comedy",The Care Bears team up with a troubled brother and sister who just moved to a new town to help a neglected young magician's apprentice whose evil spell book causes sinister things to happen.,"Georgia Engel, Mickey Rooney, Jackie Burroughs","Arna Selznick, Jay Miller, Dick Schneider",G,77 min,46
1985,Grunt! The Wrestling Movie,"Comedy, Crime, Mystery","A documentary crew sets out to unravel one of professional wrestling's most closely guarded secrets: is former champion ""Mad Dog"" Joe DeCurso now wrestling as The Mask?","Magic Schwarz, Steve Strong, Marilyn Dodds Frank",Allan Holzman,R,90 min,N/A
1985,Captain Tsubasa Movie 02 - Attention! The Japanese Junior Selection,"Animation, Family, Sport",Tsubasa and his team face off in a return match against the All Europe Soccer Team.,"Kôichi Hashimoto, Akari Hibino, Hirotaka Suzuoki",Hiroyoshi Mitsunobu,N/A,60 min,N/A
1985,Worm Movie,Short,N/A,Lung Leg,Lung Leg,Unrated,2 min,N/A
1985,Santa Claus: The Making of the Movie,"Documentary, Family","This behind-the-scenes documentary follows Team Salkind as they set out to bring Santa's ""true"" story to the screen. Dudley Moore (Patch) hosts; David Huddleston intros in character as Santa.","John Barrard, Judy Cornwell, Roy Field","Danny Huston, Iain Johnstone",N/A,50 min,N/A
1985,Don't Scream: It's Only a Movie!,"Documentary, Horror","Documentary tracing the history of horror films from the silent period to the splatter films of the 1980s. Hosted by genre stalwart Vincent Price, segments include 'naked fear and terror torture'. includes clips from many Dick Ran...","Vincent Price, Boris Karloff, Christopher Lee",Ray Selfe,N/A,85 min,N/A
1985,Cool Runnings: The Reggae Movie,"Documentary, Music","Reggae legends jam to the Jamaican beat in this classic film of the 1983 Reggae Sunsplash. Held in Montego Bay, the festival showcases the finest in reggae, dub and ska.","Rita Marley, Gregory Isaacs, Gil Scott-Heron",Robert Mugge,Not Rated,105 min,N/A
1985,Katotohanan o guniguni? The Movie Part II,"Drama, Fantasy, Horror, Thriller",N/A,"Marianne de la Riva, Ronald Corveau, Bella Flores, Rocco Montalban",Jose Miranda Cruz,N/A,N/A,N/A
1985,Dengeki Sentai Changeman: The Movie,"Short, Action",N/A,"Haruki Hamada, Shirô Izumi, Hiroko Nishimoto",Nagafumi Hori,N/A,25 min,N/A
1985,Das ABC des Films: E wie Express in die Holle (1985) & Exile Family Movie (2006),N/A,N/A,N/A,N/A,N/A,N/A,N/A
