Year,Title,Genre,Plot,Actors,Director,Rated,Runtime,Metascore
1993,Patlabor 2: The Movie,"Animation, Action, Drama","When a terrorist attack is blamed on the Air Force, Special Vehicle Unit 2 gets caught in the middle of a growing political conflict.","Mîna Tominaga, Briony Glassco, Julie Ann Taylor","Mamoru Oshii, Mizuho Nishikubo",TV-14,113 min,N/A
1993,Sailor Moon R: The Movie: The Promise of the Rose,"Animation, Action, Comedy","Fiore, an old friend from Mamoru's lonely childhood who couldn't survive on Earth, returns with flowers he promised Mamoru. But, the evil flower Kisenian overpowered Fiore's weak mind and manipulated him into spreading Kisenian's ...","Kotono Mitsuishi, Tôru Furuya, Michie Tomizawa",Kunihiko Ikuhara,TV-14,61 min,N/A
1993,Yu Yu Hakusho: The Movie,"Animation, Short, Action","While vacationing, Koenma is kidnapped by a pair of demons known as Koashura and Garuga, who demand the possession of Lord Enma's coveted ""Golden Seal"". Botan finds Yusuke Urameshi and Kazuma Kuwabara on their summer vacation as w...","Nozomu Sasaki, Shigeru Chiba, Sanae Miyuki","Noriyuki Abe, Akihiro Enomoto, Atsuko Inoue",Not Rated,30 min,N/A
1993,Lucy and Desi: A Home Movie,"Documentary, Comedy, Music","Home life of Desi &amp; Lucy Arnaz, from beginning to end, actually, including clips of their early lives &amp; family members.","Lucie Arnaz, Lucille Ball, Desi Arnaz",N/A,N/A,108 min,N/A
1993,1993 MTV Movie Awards,Family,The second annual MTV Movie Awards. Hosted by comedian and actor Eddie Murphy.,"Eddie Murphy, Dr. Dre, Duran Duran","Bruce Gowers, Troy Miller",N/A,N/A,N/A
1993,The Scary Movie,"Short, Horror",A creepy concoction of a ghost story with little plot other than spooky sound and visuals.,"Martina Meijer Torr, Sonja Mereu",Peggy Ahwesh,N/A,7 min,N/A
1993,Orkney Snork Nie! 2 (nog 'n movie),Comedy,N/A,"Zack du Plessis, Annette Engelbrecht, Pierre van Pletzen",Willie Esterhuizen,N/A,97 min,N/A
1993,Home Along da Riles da Movie,"Action, Comedy, Crime","Kevin Cosme and his family becomes the target of a crime mob headed by a corrupt governor when one of his sons, Baldo, who while playing with his new dog, was unknowingly passed an incriminating cassette audio tape by an escaping ...","Dolphy, Vandolph, Nova Villa",Johnny Manahan,N/A,130 min,N/A
1993,The Legend of an Erotic Movie Star,Drama,N/A,"Ji-Hung Chan, Kin Tak Chan, Kin-Yat Chan",Bong Siu,N/A,N/A,N/A
1993,The Clever Dog Sonya. Second Movie,"Animation, Short","Clever dog Sonya lives in the apartment of a multi-storey building, her master's name is Ivan Ivanovich Korolyov. And despite the fact that Sonya is a very small and polite dog, she constantly gets into some incredible stories. Bu...","Aleksey Borzunov, Svetlana Stepchenko",Vadim Medzhibovskiy,N/A,6 min,N/A
