Year,Title,Genre,Plot,Actors,Director,Rated,Runtime,Metascore
1989,Patlabor: The Movie,"Animation, Action, Crime",The screwball cops of Special Vehicles Section 2 Division 2 must investigate and stop a spree of rampaging construction robots.,"Toshio Furukawa, David Jarvis, Doug Erholtz","Mamoru Oshii, Kôji Sawai",Unrated,100 min,N/A
1989,Babar: The Movie,"Animation, Adventure, Family","In his spectacular film debut, young Babar, King of the Elephants, must save his homeland from certain destruction by Rataxes and his band of invading rhinos.","Gordon Pinsent, Gavin Magrath, Elizabeth Hanna",Alan Bunce,G,70 min,N/A
1989,Wrath of the Ninja: The Yotoden Movie,"Animation, Action, Adventure","In the year 1580, a man named Lord Nobunaga Oda sends hoards of unholy armies across Japan, slaying all who stand in their way. A young ninja escapes her villages' destruction with a short sword, one of the three mystical weapons ...","Keiko Toda, Kazuhiko Inoue, Takeshi Watabe","Toshiyuki Sakurai, Osamu Yamasaki",Not Rated,97 min,N/A
1989,Crossbow: The Movie,"Action, Adventure",A made-for-tv movie based on tv series 'Crossbow'.,"Will Lyman, Jeremy Clyde, Harry Carey Jr., Johnny Crawford",George Mihalka,N/A,95 min,N/A
1989,Marley's Revenge: The Monster Movie,"Comedy, Horror",Two men trying to illegally smuggle their Aunt and uncle into the country but are mistaken as drug smugglers by a small group of vigilantes. They are taken to an island where they are to be executed and buried with previously murd...,"Donnie Broom, Donnie Evans, John Robert Fisher",Jet Eller,N/A,83 min,N/A
1989,No Holds Barred: The Match/The Movie,Sport,N/A,"Adolph Bresciano, Allen Coage, Barry Darsow",N/A,N/A,131 min,N/A
1989,Regal Shocker (The Movie),Horror,"""Pangako"": A tragic love story between Lara and Jimbo; ""Karambola"": Spoiled brat Baby Girl, her best friend, and their love interests attend a birthday party where they get abducted with the other guests; and ""Aparador"": Elizabeth...","Ruffa Gutierrez, Carmina Villaroel, Isabel Granada",Jose Javier Reyes,N/A,110 min,N/A
1989,Kidou Keiji Jiban the Movie,"Short, Sci-Fi",N/A,"Shoutaira Kusaka, Ami Kawai, Konomi Mashita",Konishi Mitio,N/A,25 min,N/A
1989,Kousoku Sentai Turboranger: The Movie,"Short, Action",N/A,"Keiji Asakura, Fumiaki Ganaha, Jun'ichirô Katagiri",Takao Nagaishi,N/A,25 min,N/A
1989,The Movie Life of George,Documentary,"When EMI refused to produce Monty Python's Life of Brian, George Harrison founded Handmade Pictures so that he could see the film. This is the story of him and Handmade Films.","Michael Caine, Graham Chapman, John Cleese",Charles Brand,N/A,52 min,N/A
