Year,Title,Genre,Plot,Actors,Director,Rated,Runtime,Metascore
1992,Tom and Jerry: The Movie,"Animation, Adventure, Comedy","Tom and Jerry convince Robyn, an orphan girl who runs away from home to escape her evil aunt, to return and accompany her. Later, they chance upon a great secret that Robyn's aunt has kept from her.","Richard Kind, Dana Hill, Anndi McAfee",Phil Roman,G,84 min,N/A
1992,German Fried Movie,Comedy,A series of comedic sketches.,"Jo Betzing, Jürg Löw, Alexander Leuschen","Uwe Boll, Frank Lustig",N/A,88 min,N/A
1992,"Ranma ½: The Movie 2, Nihao My Concubine","Animation, Action, Adventure","With the Tendos, the Saotomes, Ryoga, Shampoo and Ukyo misinterpreting Tatewake Kuno's invitation to his two loves, Akane and ""The Pig Tailed Girl"", to try his new yacht, a whole new episode of chaos begins in the already unstable...","Kappei Yamaguchi, Megumi Hayashibara, Noriko Hidaka",Iku Suzuki,Not Rated,60 min,N/A
1992,1992 MTV Movie Awards,Family,The first MTV Movie Awards. Hosted by Dennis Miller.,"Dennis Miller, Christina Applegate, Arrested Development",Bruce Gowers,N/A,90 min,N/A
1992,Orkney Snork Nie! (die movie): 'Dis Lekker By Die See',Comedy,It's summertime and the family is on their way to a seaside resort. But there is a businessman looking to buy the resort and build timeshare apartments In its place and is set to ruin the holiday for the families in the resort.,"Zack du Plessis, Annette Engelbrecht, Dulcie van den Bergh",Willie Esterhuizen,N/A,98 min,N/A
1992,The Black Crowes: Who Killed That Bird Out on Your Window Sill... The Movie,Music,N/A,"Jeff Cease, Johnny Colt, Marc Ford, Steve Gorman",N/A,N/A,83 min,N/A
1992,Robert's Movie,N/A,"A bisexual foreign photojournalist arrives in Istanbul, where he believes he will be safe, after he took some photos of military action which could endanger his life. In a bar, he meets Gogo, a violent and secretive androgynous po...","Asli Altan, Patrick Bauchau, John Kelly",Canan Gerede,N/A,N/A,N/A
1992,Movie Madness,Comedy,N/A,"Rebekka Armstrong, Lezlie Deane",Steve Sayre,R,80 min,N/A
1992,Home Movie,"Comedy, Drama",N/A,"Ian Tracey, John Pyper-Ferguson, Suki Kaiser, Kerry Sandomirsky",Fred Frame,N/A,93 min,N/A
1992,Angelina: The Movie,Drama,N/A,"Cristina Gonzales, Jomar Cruz, Eddie Gutierrez",Romy Suzara,N/A,99 min,N/A
