Year,Title,Genre,Plot,Actors,Director,Rated,Runtime,Metascore
1997,The Batman Superman Movie: World's Finest,"Animation, Action, Adventure",Joker goes to Metropolis with an offer and plan to kill Superman for Lex Luthor while Batman pursues the clown to Superman's turf.,"Tim Daly, Dana Delany, Kevin Conroy",Toshihiko Masuda,TV-PG,64 min,N/A
1997,Turbo: A Power Rangers Movie,"Action, Adventure, Family","A space alien is threatening to bring destruction on Earth, and the Power Rangers are enhanced with turbo powers in order to prevent her plan.","Jason David Frank, Catherine Sutherland, Hilary Shepard","Shuki Levy, David Winning",PG,99 min,35
1997,Rurouni Kenshin: The Movie,"Animation, Action, Drama","The clashes between the two warriors, Himura Kenshin, a pacifist who wishes to stop a rebellion from Takimi Shigure and a band of desperate rebels who have sworn to settle one final score with society.","Mayo Suzukaze, Shanon Weaver, Miki Fujitani",Tsuji Hajiki,Not Rated,90 min,N/A
1997,Tenchi the Movie 2: The Daughter of Darkness,"Animation, Comedy, Fantasy","One hot summer day, a young girl suddenly appears in front of Tenchi claming the he's her papa! Everyone wonders who the mother could be, and this greatly upsets Ryoko, and she wants the new rival to leave. Lurking in the backgrou...","Masami Kikuchi, Ai Orikasa, Yumi Takada",Satoshi Kimura,PG-13,95 min,N/A
1997,The Wiggles Movie,"Adventure, Comedy, Family","The Wiggles throw a surprise party for Dorothy the Dinosaur, while she goes after a magician who takes Greg's magic wand to become popular.","Murray Cook, Jeff Fatt, Greg Page",Dean Covell,G,83 min,N/A
1997,Bimbo Movie Bash,"Comedy, Horror, Sci-Fi",A squadron of outer space bimbos decide to take revenge on the male chauvinists of Earth.,"Ian Abercrombie, Adrienne Barbeau, Michelle Bauer","Mike Mendez, Dave Parker",R,80 min,N/A
1997,Bad Movie,"Crime, Drama",A compilation of episodes from the lives of the 'bad teens' and the homeless of Seoul.,"Seul-ki Hang, Kyeong-won Park, Jae-kyeong Lee",Jang Sun-woo,N/A,144 min,N/A
1997,Dibu: The Movie,"Comedy, Family, Fantasy","When Caro and Marce go on vacation they find a new friend, Buji, and just like Dibu, she is a cartoon animated kid. Abu, Pepe, Víctor, Leo and Dibu are left alone at home and they have quite an adventure when they decide to sign-u...","Germán Kraus, Stella Maris Closas, Alberto Anchart","Carlos Olivieri, Alejandro Stoessel",N/A,105 min,N/A
1997,The Accident: A Moment of Truth Movie,Drama,"A preppy teenage girl from Seattle finds her life falling apart after she kills her best friend in a car accident by driving drunk. In spite of the tragedy, she continues to drink alcohol and hide it from her parents.","Donna Bullock, Matt McCoy, Teddi Siddall",Chuck Bowman,N/A,88 min,N/A
1997,1997 MTV Movie Awards,Documentary,The sixth annual MTV Movie Awards. Hosted by Mike Myers.,"Mike Myers, Gillian Anderson, David Arquette","Bruce Gowers, Troy Miller",N/A,N/A,N/A
