Year,Title,Genre,Plot,Actors,Director,Rated,Runtime,Metascore
2005,Fullmetal Alchemist the Movie: Conqueror of Shamballa,"Animation, Action, Adventure","Edward Elric, an alchemist from an alternate world, races to prevent the Thule Society from harnessing alchemy to wage war on his home.","Vic Mignogna, Aaron Dismuke, Jason Liebrecht",Seiji Mizushima,PG-13,105 min,N/A
2005,Pooh's Heffalump Movie,"Animation, Adventure, Comedy","When Roo sets off on his own into the Hundred Acre Wood, he discovers a friendly and playful Heffalump named Lumpy.","Jim Cummings, Brenda Blethyn, Kyle Stanger",Frank Nissen,G,68 min,64
2005,Reefer Madness: The Movie Musical,"Comedy, Drama, Horror",An outrageous tongue-in-cheek musical comedy adaptation of the classic anti-marijuana propaganda film Reefer Madness (1936).,"Kristen Bell, Christian Campbell, Neve Campbell",Andy Fickman,R,109 min,N/A
2005,Naruto the Movie 2: Legend of the Stone of Gelel,"Animation, Action, Adventure","Naruto, Shikamaru and Sakura are on a mission to deliver a lost pet to a village when a mysterious knight appear to confront them.","Junko Takeuchi, Shôtarô Morikubo, Chie Nakamura",Hirotsugu Kawasaki,TV-14,97 min,N/A
2005,Sad Movie,"Comedy, Drama, Romance","This film follows the lives of four very different couples as they deal with love, loss and life in these romantic, loosely interconnected tales.","Jung Woo-sung, Lim Soo-jung, Cha Tae-hyun",Kwon Jong-kwan,Not Rated,108 min,N/A
2005,The Proud Family Movie,"Animation, Adventure, Comedy","Penny and her family are lured on an all expenses paid vacation where a mad scientist captures them, refusing to let them go because Oscar won't reveal his one of his secret Proud Snacks formulas.","Tommy Davidson, Kyla Pratt, Paula Jai Parker",Bruce W. Smith,TV-G,90 min,N/A
2005,A Movie of Eggs,"Animation, Comedy, Family",A small egg named Toto decides that he doesn't want to become the breakfast and starts an adventure to become a chicken.,"Bruno Bichir, Carlos Espejel, Angélica Vale","Gabriel Riva Palacio Alatriste, Rodolfo Riva Palacio Alatriste",TV-PG,90 min,N/A
2005,My Big Fat Independent Movie,Comedy,"""My Big Fat Independent Movie"" is a spoof along the lines of ""Scary Movie"" and ""Not Another Teen Movie."" It includes parodies of some of the indie film world's most renowned movies such as ""Memento,"" ""Pulp Fiction,"" ""Magnolia,"" ""M...","Paget Brewster, Neil Barton, Eric Hoffman",Philip Zlotorynski,R,80 min,32
2005,The Naked Brothers Band: The Movie,"Comedy, Family, Music","When a famous band called the Silver Boulders break up, Nat and Alex Wolff go into depression.","Nat Wolff, Alex Wolff, Cooper Pillot",Polly Draper,G,90 min,N/A
2005,Pooh's Heffalump Halloween Movie,"Animation, Comedy, Family, Fantasy, Musical","Lumpy teams with tiny Roo for a Halloween adventure in the Hundred Acre Wood, in this animated tale about friendship, bravery, and teamwork.","Jimmy Bennett, Peter Cullen, Jim Cummings, John Fiedler","Saul Blinkoff, Elliot M. Bour",G,67 min,N/A
