Year,Title,Genre,Plot,Actors,Director,Rated,Runtime,Metascore
2016,A Silent Voice: The Movie,"Animation, Drama","A deaf girl, Shoko, is bullied by the popular Shoya. As Shoya continues to bully Shoko, the class turns its back on him. Shoko transfers and Shoya grows up as an outcast. Alone and depressed, the regretful Shoya finds Shoko to mak...","Miyu Irino, Saori Hayami, Aoi Yûki","Taichi Ishidate, Naoko Yamada",Not Rated,130 min,78
2016,The Angry Birds Movie,"Animation, Action, Adventure","When an island populated by happy, flightless birds is visited by mysterious green pigs, it's up to three unlikely outcasts to figure out what the pigs are up to.","Jason Sudeikis, Josh Gad, Danny McBride","Clay Kaytis, Fergal Reilly",PG,97 min,43
2016,Absolutely Fabulous: The Movie,"Comedy, Crime","After attracting both media and police attention for accidentally knocking Kate Moss into the River Thames, Edina and Patsy hide out in the south of France.","Jennifer Saunders, Joanna Lumley, Jane Horrocks",Mandie Fletcher,R,91 min,59
2016,Uno: The Movie,Comedy,What had started as a simple game of UNO! turned into a psychological horror. Coworkers are driven to the edge of madness as they commit to a game of Uno.,"Geoff Ramsey, Gavin Free, Ryan Haywood, Jeremy Dooley",N/A,N/A,164 min,N/A
2016,Donald Trump's The Art of the Deal: The Movie,Comedy,"Funny or Die presents a satirical rendition of Donald Trump's 1987 best selling business book, The Art of the Deal.","Johnny Depp, Ron Howard, Alfred Molina",Jeremy Konner,Not Rated,50 min,75
2016,BoBoiBoy: The Movie,"Animation, Action, Adventure",A group of alien treasure hunters named The Tengkotak has arrived on earth and kidnapped Ochobot in order to use him to locate an ancient and powerful Power Sphere hiding on earth. BoBoiBoy and his super friends must now race agai...,"Nur Fathiah Diaz, Mohd Fathi Diaz, Dzubir Mohamed Zakaria",Nizam Razak,TV-G,100 min,N/A
2016,Pokémon the Movie: Volcanion and the Mechanical Marvel,"Animation, Action, Adventure",A mystical Pokémon by the name of Volcanion must accept Ash's help to rescue the Azoth Kingdom.,"Tyler Bunch, James Carter Cathcart, Daniel J. Edwards",Kunihiko Yuyama,PG,90 min,N/A
2016,Horror Hotel: The Movie,"Comedy, Horror, Sci-Fi","""Aliens Stole My Boyfriend"" - Two cute alien chicks crash land their space buggy in the parking lot of the motor court looking for Earth boyfriends. ""Coma Girl"" - A macabre maintenance man falls in love with a comatose patient at ...","Tera Buerkle, Deborah Childs, Jordan Demers",Ricky Hess,N/A,103 min,N/A
2016,Doraemon the Movie: Nobita and the Birth of Japan,"Animation, Adventure, Comedy",Doraemon and friends trying to save a boy name Kukuru and his tribe from Gigazombie who want to change history for his own sake in the ancient times.,"Chiaki, Miki Fukui, Aya Hisakawa",Shinnosuke Yakuwa,N/A,104 min,N/A
2016,That Vitamin Movie,Documentary,"A respected documentary maker, hears from a friend, that his long term depression has been helped after watching a video entitled, ""Food matters"" and following a nutritional protocol involving high doses of vitamins, as outlined b...","David Brownstein, Helen Saul Case, Hyla Cass","Michael Beattie, Sai Kelly",Not Rated,86 min,N/A
