Year,Title,Genre,Plot,Actors,Director,Rated,Runtime,Metascore
1934,Movie Memories #2,"Documentary, Short","Using archival footage and stills, this short film briefly reflects on Hollywood's humble beginnings and then offers tributes, one after the other, to a long list of early film stars who had passed away.","Art Acord, Renée Adorée, Roscoe 'Fatty' Arbuckle",Ralph Staub,Approved,8 min,N/A
1934,Movie Memories #2,"Documentary, Short","This film contains excerpts from for Paramount silent films: BLOOD AND SAND (1922), THE COVERED WAGON (1923), THE MIRACLE MAN (1919), and BEAU GESTE.","Rudolph Valentino, Nita Naldi, J. Warren Kerrigan",N/A,N/A,N/A,N/A
1934,Movie Daze,"Comedy, Short","A movie director agrees to film a woman producer's awful script starring her equally inept sons, with disastrous results.","Douglas Wakefield, Billy Nelson, Billy Gilbert",Gus Meins,Passed,19 min,N/A
1934,The Hollywood Movie Parade,Short,N/A,Bela Lugosi,N/A,N/A,N/A,N/A
