Year,Title,Genre,Plot,Actors,Director,Rated,Runtime,Metascore
2018,Constantine: City of Demons - The Movie,"Animation, Action, Fantasy","A decade after a tragic mistake, Chas Chandler and occult investigator John Constantine set out to cure Chas's daughter, Trish, from a demonically induced coma.","Matt Ryan, Laura Bailey, Robin Atkin Downes",Doug Murphy,R,90 min,N/A
2018,Little Horror Movie,"Horror, Mystery","Three You tubers struggling to get more views on their adventure channel, travel to the mythical city of Casablanca, unaware that it hides a terrifying secret.","Einar Kuusk, Aouatefe Lahmani, Rebecca Ramon",Jérôme Cohen-Olivar,N/A,84 min,N/A
2018,Burn the Stage: The Movie,"Documentary, Music","A documentary following the worldwide famous music group BTS, as they tour the world and share their experience along with their beloved band friends and fans.","RM, Jin, j-hope",Park Jun-soo,N/A,84 min,N/A
2018,Pokémon the Movie: The Power of Us,"Animation, Action, Adventure","Ash meets five residents who come together to save the day when a series of threats endanger the annual Wind Festival and the entire population of their home, Fula City","Sarah Natochenny, Haven Burton Paschall, Eddy Lee",Tetsuo Yajima,Not Rated,100 min,N/A
2018,The Dunkirk Spirit: Behind the Making of the Movie,"Documentary, Short","Nominated for eight Academy Awards including Best Picture and Best Director, Dunkirk is Christopher Nolan's sweeping, emotional epic. Dunkirk opens as hundreds of thousands of British and Allied troops are surrounded by enemy forc...","Tom Hardy, Harry Styles, Fionn Whitehead",N/A,N/A,28 min,N/A
2018,Code Blue: The Movie,Drama,The 'helicopter doctor' team is back and ready to take on the disasters and accidents at Japan's Narita airport and points near and far. They work together through these professional emergencies and deal with their personal calami...,"Tomohisa Yamashita, Yui Aragaki, Erika Toda",N/A,N/A,127 min,N/A
2018,"Love, Chunibyo & Other Delusions the Movie: Take on Me","Animation, Comedy, Drama","Rikka's third year of high school is upended when Toka's job compels a move to Italy, potentially splitting her and Yuta. An elopement suggestion from friends launches a nationwide journey.","Jun Fukuyama, Maaya Uchida, Chinatsu Akasaki","Tatsuya Ishihara, Yasuhiro Takemoto",TV-14,94 min,N/A
2018,Natsume's Book of Friends the Movie: Ephemeral Bond,"Animation, Drama, Fantasy",An orphaned teen encounters a supernatural creature that has the ability to look human.,"Hiroshi Kamiya, Ayumi Fujimura, Kazuhiko Inoue","Hideki Itô, Takahiro Ômori",N/A,104 min,N/A
2018,Non Non Biyori: The Movie - Vacation,"Animation, Adventure, Comedy","Summer vacation is drawing to an end. When Suguru wins a free trip to Okinawa, all of the five students of Asahigaoka branch school are excited to end their vacation with a bang. Along with Hikage, Konomi, and their teacher and th...","Kotori Koiwai, Rie Murakawa, Ayane Sakura",Shin'ya Kawatsura,N/A,71 min,N/A
2018,Si Doel: The Movie,"Drama, Romance",Doel travels to the Netherlands to reunite with a woman who left him 14 years ago. Doel's new journey is started again.,"Rano Karno, Maudy Koesnaedi, Cornelia Agatha",Rano Karno,N/A,85 min,N/A
