Year,Title,Genre,Plot,Actors,Director,Rated,Runtime,Metascore
1974,Sweet Movie,"Comedy, Drama, Mystery","After winning the ""most virgin"" contest, Miss Canada is married to a rich milk tycoon. But she quickly flees the marriage to experience the world around her, full of sweetness and anarchy.","Carole Laure, Pierre Clémenti, Anna Prucnal",Dusan Makavejev,Not Rated,98 min,N/A
1974,Kamen Rider X the Movie,"Short, Sci-Fi",A little girl named Sayoko witnesses the murder of an Interpol agent by the G.O.D. kaijin Hercules. Keisuke Jin saves her before Hercules disposes of her. Sayoko tells Keisuke that G.O.D. is targeting an important official named K...,"Ryô Hayami, Akiji Kobayashi, Naoko Miyama",Itaru Orita,N/A,24 min,N/A
1974,Flying from the Movie Screen: Inazuman,"Action, Short, Adventure",The insectoid superhero Inazuman fights against the monsters of the Newmanity Empire and the Desper Army in this theatrical episode shot in 3-D.,"Daisuke Ban, Hiroko Saito, Shôzô Îzuka",Minoru Yamada,N/A,33 min,N/A
1974,Beautiful Movie,Short,N/A,N/A,Robert Huot,N/A,3 min,N/A
1974,Movie Stuntmen,"Documentary, Short, Action",Reveals the skills and courage demanded of motion picture stuntmen and shows how they can perform such stunts as flaming car crashes and leaps from cliffs.,Bob Woodham,Brian Trenchard-Smith,N/A,28 min,N/A
1974,Dearreader: How to Turn a Book Into a Movie,N/A,N/A,"Geraldine Pontius, Laurie Anderson","Laurie Anderson, Bob George",N/A,N/A,N/A
1974,"Chicken Movie, Chicken Piece",Short,N/A,Ana Mendieta,Ana Mendieta,N/A,3 min,N/A
