Year,Title,Genre,Plot,Actors,Director,Rated,Runtime,Metascore
1978,Movie Movie,"Comedy, Musical, Sport","Three movie genres of the 1930s--boxing films, World War I aviation dramas, and backstage Broadway musicals--are satirized using the same cast.","George C. Scott, Trish Van Devere, Red Buttons",Stanley Donen,PG,105 min,N/A
1978,Blue Movie,"Horror, Thriller","A woman escapes from being raped only to find herself trapped by a sado-masochistic photographer who, among other nasty things, gets off on consuming fresh human excrement.","Danielle Dugas, Claude Maran, Joseph Dickson",Alberto Cavallone,TV-PG,81 min,N/A
1978,The Punk Rock Movie from England,"Documentary, Music","Documentary on the London punk-rock scene, circa '78.","Soo Catwoman, Steve Strange, Robin Banks",Don Letts,R,86 min,N/A
1978,Gatchaman The Movie,"Animation, Action, Adventure",A movie version of several Gatchaman episodes.,"Katsuji Mori, Isao Sasaki, Kazuko Sugiyama",Hisayuki Toriumi,TV-PG,110 min,N/A
1978,Father Movie,Short,N/A,N/A,Gordon Ball,N/A,7 min,N/A
1978,Episode 61: &quot;Animal House&quot; (1978) Movie Review,Talk-Show,"This week, Yancy and Chris review the 1978 comedy classic, ""Animal House"". Chris grew up with this movie. How does this raunchy sex comedy hold up after all of these years? Yancy points out just how un-PC this movie is in today's ...","Yancy Eaton, Chris McBrien",N/A,N/A,N/A,N/A
1978,Halloween (1978)/The Royal Tenenbaums (2001) - 34 Movie Buff Specialists (Ep 67),N/A,N/A,N/A,N/A,N/A,N/A,N/A
1978,Still Movie,Short,N/A,N/A,Yôichi Nagata,N/A,3 min,N/A
1978,D.G. Movie Pioneer,Documentary,N/A,N/A,Kalpana Lajmi,N/A,N/A,N/A
1978,How to Score... a Movie,"Documentary, Short",Composer Patrick Gowers and conductor Marcus Dods scoring the feature STEVIE(1978),"Marcus Dods, Patrick Gowers, Trevor Howard",Robert Enders,N/A,29 min,N/A
