Year,Title,Genre,Plot,Actors,Director,Rated,Runtime,Metascore
1996,Mystery Science Theater 3000: The Movie,"Comedy, Drama, Fantasy",Mike Nelson and his robot companions watch and give their comments about This Island Earth (1955).,"Trace Beaulieu, Michael J. Nelson, Jim Mallon",Jim Mallon,PG-13,73 min,65
1996,Doctor Who: The Movie,"Adventure, Drama, Sci-Fi","The newly-regenerated Doctor takes on the Master on the turn of the millennium, 31 December 1999.","Paul McGann, Eric Roberts, Daphne Ashbrook",Geoffrey Sax,TV-14,89 min,N/A
1996,Tenchi the Movie - Tenchi Muyo in Love,"Animation, Adventure, Comedy","Tenchi and co. find their existence unsettled by a time-travelling entity called Kain. Desiring revenge upon the Juraian emperor, Tenchi, Kain travels back in time to kill Tenchi's mother. Trying to preserve the timestream, Tenchi...","Matt K. Miller, Megumi Hayashibara, Yuri Amano",Hiroshi Negishi,PG-13,95 min,N/A
1996,Black Jack: The Movie,"Animation, Drama, Thriller","The adventures of the unlicensed but genius doctor Black Jack, who encounters extraordinary people and phenomena as he attends to unusual medical cases.","Hiroshi Fujioka, Kirk Thornton, Akio Ôtsuka",Osamu Dezaki,Not Rated,90 min,N/A
1996,A Secret Between Friends: A Moment of Truth Movie,Drama,Two friends keep their vomiting a secret until one friend almost dies.,"Lynda Carter, Katie Wright, Marley Shelton",James A. Contner,N/A,96 min,N/A
1996,Hugo: The Movie Star,"Animation, Family, Musical","Hugo, the one-of-a-kind jungle animal, is snatched away from his home for a second time in another attempt for him to become an animal actor. Meanwhile, he's reunited with Rita the kind, streetwise fox. Finding that life in front ...","Kaya Brüel, Jesper Klein, Søs Egelind","Stefan Fjeldmark, Jørgen Lerdam, Flemming Quist Møller",N/A,68 min,N/A
1996,Hollywood: The Movie,"Comedy, Fantasy","An ambtious filmmaker sets out to make an avant-garde film but soon learns the only way he can secure financing is if he shows Jessica Hahn's breasts. Also, two old women are magically transformed into young starlets.","Julie Strain, Imogene Coca, Jessica Hahn, Morton Downey Jr.",Joseph Allen,Not Rated,98 min,N/A
1996,Mighty Ducks the Movie: The First Face-Off,"Animation, Action, Comedy, Family, Sci-Fi",This movie is a compilation of the first three episodes of the television series.,"Jim Belushi, Jeff Bennett, Clancy Brown, Townsend Coleman","Joe Barruso, Doug Murphy, Blair Peters, Baekyup Sung",Unrated,66 min,N/A
1996,Freebird: The Movie,Documentary,"See classic live performances, interviews and vintage footage of the original Lynyrd Skynyrd band.","Allen Collins, Steve Gaines, Billy Powell",Jeff G. Waxman,PG,101 min,N/A
1996,"The Typewriter, the Rifle & the Movie Camera","Documentary, Biography","In a documentary about Samuel Fuller, the spectator gets different impressions about the Hollywood director and his films. The film is divided into the three sections: The Typewriter, the Rifle and the Movie Camera. The first segm...","Samuel Fuller, Tim Robbins, Jim Jarmusch",Adam Simon,N/A,55 min,N/A
