Year,Title,Genre,Plot,Actors,Director,Rated,Runtime,Metascore
2000,Scary Movie,Comedy,"A year after disposing of the body of a man they accidentally killed, a group of dumb teenagers are stalked by a bumbling serial killer.","Anna Faris, Jon Abrahams, Marlon Wayans",Keenen Ivory Wayans,R,88 min,48
2000,The Tigger Movie,"Animation, Adventure, Comedy",Tigger goes looking through the hundred-acre-wood to find his family.,"Jim Cummings, Nikita Hopkins, Ken Sansom",Jun Falkenstein,G,77 min,53
2000,Pokémon 3 the Movie: Spell of the Unown,"Animation, Action, Adventure","In the town of Greenfield, a young, lonely girl's dreams and wishes are brought into reality by a collective of reality-warping Pokémon.","Veronica Taylor, Eric Stuart, Rica Matsumoto",Kunihiko Yuyama,G,93 min,N/A
2000,Left Behind: The Movie,"Action, Drama, Fantasy",The Biblical prophecy of Armegeddon begins when the Rapture instantly takes all believers in Christ from the Earth. A reporter left behind learns that the Anti-Christ will soon take power.,"Kirk Cameron, Brad Johnson, Janaya Stephens",Vic Sarin,PG-13,96 min,22
2000,An Extremely Goofy Movie,"Animation, Comedy, Family, Sport","Max goes to college, but to his embarassment his father loses his job and goes to his son's campus.","Bill Farmer, Jason Marsden, Jeff Bennett, Jim Cummings",Douglas McCarthy,G,79 min,N/A
2000,One Piece: The Movie,"Animation, Action, Adventure","There once was a pirate known as the Great Gold Pirate Woonan, who obtained almost 1/3 of the world's gold. Over the course of a few years, the pirate's existence faded, and a legend grew that he disappeared with his gold to a rem...","Akemi Okamura, Kappei Yamaguchi, Kazuya Nakai",Junji Shimizu,TV-PG,51 min,N/A
2000,Digimon: The Movie,"Animation, Action, Adventure","Throughout three different stories, Kari Kamiya and her friends take on explosive adventures involving digital creatures.","Lara Jill Miller, Joshua Seth, Bob Papenbrook","Bob Buchholz, Mamoru Hosoda, Jeff Nimoy",PG,82 min,20
2000,Escaflowne: The Movie,"Adventure, Animation, Drama","A grim retelling of the television series ""The Vision of Escaflowne"".","Shin'ichirô Miki, Jôji Nakata, Maaya Sakamoto","Kazuki Akane, Yoshiyuki Takei",PG-13,98 min,50
2000,Steal This Movie,"Biography, Drama, Romance","After years of hiding, the notorious American leftist radical, Abbie Hoffman, discusses his life, his cause and the opposition he endured.","Vincent D'Onofrio, Janeane Garofalo, Jeanne Tripplehorn",Robert Greenwald,R,107 min,36
2000,Homicide: The Movie,"Crime, Drama","Al Giardello is shot and the detectives of the Baltimore Homicide Unit return to work to solve the case, including Howard, Munch, Bayliss, Meldrick, Bolander and Kellerman.","Daniel Baldwin, Ned Beatty, Richard Belzer",Jean de Segonzac,PG-13,88 min,N/A
