Year,Title,Genre,Plot,Actors,Director,Rated,Runtime,Metascore
1973,Road Movie,Drama,Gil and Hank are two independent truckers who run into problems when they are forced to pay off traffic managers to get loads. They also have to pay off highway cops when their rigs are overweight and bank loans but consider thems...,"Robert Drivas, Regina Baff, Barry Bostwick",Joseph Strick,N/A,88 min,N/A
1973,Kamen Rider V3: The Movie,"Short, Sci-Fi","During a battle against Destron's forces, Shiro Kazami helps a priest who has been attacked by the evil organization's kaijin Hasami-Jaguar. Little does he know that the church where the priest resides is a front for a Destron hid...","Akiji Kobayashi, Hiroshi Miyauchi, Hizuru Ono",Minoru Yamada,N/A,24 min,N/A
1973,Maybe This Movie Is About You?,"Animation, Short, Musical","About a girl that takes up all businesses, but brings to a none conclusion.",Lidiya Kataeva,Valeriy Ugarov,N/A,3 min,N/A
1973,The Kikaida 3-D Movie,"Short, Adventure, Family",Kikaider fights the robot monsters of the Dark Demolition Corps in this theatrical episode shot in 3-D.,"Daisuke Ban, Hajime Izu, Jun Mizunoe",Hidetoshi Kitamura,N/A,33 min,N/A
1973,The Man with the Movie Camera,Short,N/A,N/A,David Crosswaite,N/A,9 min,N/A
1973,The Dirty Movie,Comedy,N/A,"Ron Rifkin, Tom Skerritt",Rick Edelstein,N/A,N/A,N/A
1973,Episode 244: &quot;The Exorcist&quot; (1973): Movie Review,Talk-Show,"Chris and Derek decided to go back and review several films which are celebrating anniversaries. They get things started with a look back at ""The Exorcist"" (1973) which debuted in theatres 50 years ago. The guys discuss the cast, ...","Chris McBrien, Derek Myers",N/A,N/A,N/A,N/A
1973,"Third One Year Movie, 1972",N/A,N/A,N/A,Robert Huot,N/A,75 min,N/A
1973,Home Movie,Short,N/A,N/A,Jan Oxenberg,N/A,12 min,N/A
