Year,Title,Genre,Plot,Actors,Director,Rated,Runtime,Metascore
2017,The Lego Batman Movie,"Animation, Action, Adventure","A cooler-than-ever Bruce Wayne must deal with the usual suspects as they plan to rule Gotham City, while discovering that he has accidentally adopted a teenage orphan who wishes to become his sidekick.","Will Arnett, Michael Cera, Rosario Dawson",Chris McKay,PG,104 min,75
2017,The Emoji Movie,"Animation, Adventure, Comedy","Gene, a multi-expressional emoji, sets out on a journey to become a normal emoji.","T.J. Miller, James Corden, Anna Faris",Tony Leondis,PG,86 min,12
2017,Captain Underpants: The First Epic Movie,"Animation, Action, Adventure","Two overly-imaginative pranksters hypnotize their grumpy principal into thinking he's a ridiculously enthusiastic, incredibly dimwitted, underwear-themed superhero.","Kevin Hart, Thomas Middleditch, Ed Helms",David Soren,PG,89 min,69
2017,The Lego Ninjago Movie,"Animation, Adventure, Comedy","Shunned by everyone for being the son of an evil warlord, a teenager seeks to defeat him with the help of his fellow ninjas.","Jackie Chan, Dave Franco, Fred Armisen","Charlie Bean, Paul Fisher, Bob Logan",PG,101 min,55
2017,Psych: The Movie,"Comedy, Crime, Mystery",The old gang comes together during the holidays after a mystery assailant targets one of their own.,"James Roday Rodriguez, Dulé Hill, Timothy Omundson",Steve Franks,TV-PG,88 min,N/A
2017,Sword Art Online the Movie: Ordinal Scale,"Animation, Action, Adventure","Kirito uncovers a conspiracy within Ordinal Scale, a popular AR game developed for a new system called The Augma.","Yoshitsugu Matsuoka, Haruka Tomatsu, Kanae Itô",Tomohiko Itô,TV-14,119 min,N/A
2017,My Little Pony: The Movie,"Animation, Adventure, Comedy","After a dark force conquers Canterlot, the Mane 6 embark on an unforgettable journey beyond Equestria where they meet new friends and exciting challenges on a quest to use the magic of friendship to save their homeland.","Emily Blunt, Kristin Chenoweth, Liev Schreiber",Jayson Thiessen,PG,99 min,39
2017,Pokémon the Movie: I Choose You!,"Animation, Action, Adventure",Ash Ketchum from Pallet Town is 10 years old today. This means he is now old enough to become a Pokémon Trainer. Ash dreams big about the adventures he will experience after receiving his first Pokémon from Professor Oak.,"Unshô Ishizuka, Rica Matsumoto, Sarah Natochenny",Kunihiko Yuyama,PG,98 min,N/A
2017,OHA Diyorum: The Movie,Comedy,Firat's car gets stolen. Firat and his friends try to get Firat's car back.,"Firat Sobutay, Melih Abuaf, Alper Rende",Ersan Özer,N/A,90 min,N/A
2017,Handsome: A Netflix Mystery Movie,"Comedy, Mystery",Gene Handsome is an LA homicide detective who tries to make sense of his life as he solves crime. Handsome's knack for solving mysteries is matched only by his inability to make sense of his own problems.,"Ava Acres, Armani GreatDane, Dino Battaglia",Jeff Garlin,TV-MA,80 min,N/A
