Year,Title,Genre,Plot,Actors,Director,Rated,Runtime,Metascore
2006,Scary Movie 4,Comedy,Cindy finds out a little boy haunts the house she lives in and she goes on a quest to solve his murder.,"Anna Faris, Regina Hall, Craig Bierko",David Zucker,PG-13,83 min,40
2006,Date Movie,"Comedy, Romance","Spoof of romantic comedies which focuses on a man, his crush, his parents, and her father.","Alyson Hannigan, Adam Campbell, Fred Willard","Aaron Seltzer, Jason Friedberg",PG-13,83 min,11
2006,Trailer Park Boys: The Movie,"Comedy, Crime","Ricky, Julian, and Bubbles come up with a scheme to steal large amounts of untraceable coins.","Robb Wells, John Paul Tremblay, Mike Smith",Mike Clattenburg,R,95 min,38
2006,Ultimate Avengers: The Movie,"Animation, Action, Adventure, Sci-Fi","To confront an alien menace, General Fury assembles a team of superheroes lead by a recently resuscitated Captain America.","Justin Gross, Grey Griffin, Michael Massee, Marc Worden","Curt Geda, Steven E. Gordon, Bob Richardson",PG-13,72 min,N/A
2006,Another Gay Movie,"Comedy, Romance",Four gay high school friends make a pact to lose their virginity before they go to college.,"Michael Carbonaro, Jonathan Chase, Jonah Blechman",Todd Stephens,Not Rated,92 min,37
2006,Naruto the Movie 3: Guardians of the Crescent Moon Kingdom,"Animation, Action, Adventure","Naruto, Kakashi, Sakura, and Rock Lee are assigned to protect Michiru, the prince of the Land of the Moon, while he travel the world. The prince purchased a tiger Sham and the whole circus, which became the team's protection.","Junko Takeuchi, Chie Nakamura, Yôichi Masukawa",Toshiyuki Tsuru,TV-14,95 min,N/A
2006,Dirty Sanchez: The Movie,"Documentary, Action, Comedy","Four guys set off on a world tour to enact the seven deadly sins. Based on the MTV Europe series ""Dirty Sanchez"".","Mathew Pritchard, Lee Dainton, Michael Locke",Jim Hickey,R,94 min,N/A
2006,The Dudesons Movie,"Documentary, Action, Comedy","""The Dudesons Movie"" is an extreme stunts comedy that features the wild antics of four hilarious, lifelong friends and their crazy lives in the Arctic Circle.","Jarno Leppälä, Jukka Hilden, Jarno Laasala","Jarno Laasala, Tuukka Tiensuu",Not Rated,75 min,N/A
2006,Doraemon the Movie: Nobita's Dinosaur,"Animation, Adventure, Comedy","After bringing a fossilized egg back to life with the Time Cloth, Nobita finds himself the owner of a baby dinosaur. Everything is fine until it grows up. Nobita and friends use Doraemon's time machine to return it back to its own...","Misato Fukuen, Eiichirô Funakoshi, Fumihiko Gotô","Ayumu Watanabe, Kôzô Kusuba",PG,107 min,N/A
2006,Mushi-Shi: The Movie,"Drama, Fantasy",A wandering mystical doctor passes through remote regions of Japan uncovering supernatural creatures called the Mushi and curing people of their effects.,"Joe Odagiri, Nao Ômori, Yû Aoi",Katsuhiro Ôtomo,N/A,131 min,N/A
