Year,Title,Genre,Plot,Actors,Director,Rated,Runtime,Metascore
1977,The Kentucky Fried Movie,Comedy,The daily programming of a fictional local TV channel presented as a series of highly irreverent skits.,"Evan C. Kim, Bong Soo Han, Bill Bixby",John Landis,R,83 min,61
1977,ABBA: The Movie,"Documentary, Comedy, Music",An incompetent radio DJ tries to get an interview with the Swedish pop group during their famous week-long 1977 tour of Australia.,"Anni-Frid Lyngstad, Benny Andersson, Björn Ulvaeus",Lasse Hallström,G,95 min,N/A
1977,The Genesis Concert Movie,"Documentary, Music",The rock group Genesis filmed live in concert.,"Tony Banks, Bill Bruford, Phil Collins",Tony Maylam,N/A,45 min,N/A
1977,J.A.K.Q. Dengekitai the Movie,"Short, Action",N/A,"Yoshitaka Tanba, Tairayama Ito, Mitchi Love",Minoru Yamada,N/A,N/A,N/A
1977,Movie Stills,N/A,N/A,N/A,J.J. Murphy,N/A,45 min,N/A
1977,Movie Show,Short,N/A,N/A,Tony Conrad,N/A,6 min,N/A
1977,Episode 144: &quot;Smokey and the Bandit&quot; (1977): Movie Review,Talk-Show,"Chris has Derek go back and watch the 1977 box office hit starring Burt Reynolds, Sally Field and Jackie Gleason. The guys discuss how some aspects of the film haven't stood up over time (as well as those that did!). Chris then ta...","Chris McBrien, Derek Myers",N/A,N/A,N/A,N/A
1977,Combattler V Movie,"Animation, Short, Adventure",N/A,Kazuya Tatekabe,Tadao Nagahama,N/A,20 min,N/A
1977,A Movie and Breakfast,Drama,"Tsipi and Rafi meet and quickly marry. To make it difficult on the newly weds, their mother-in-law houses them in an open room, with no privacy. In addition, Rafi works long nights, so that a physical disconnect is created between...","Zeev Berlinsky, Miriam Gavrieli, Shraga Harpaz",Alfred Steinhardt,N/A,100 min,N/A
1977,The Minecraft Movie,N/A,N/A,N/A,Ernie Gehr,N/A,113 min,N/A
