Year,Title,Genre,Plot,Actors,Director,Rated,Runtime,Metascore
1920,The Romance of a Movie Star,Romance,A film star risks her reputation to save her beloved scenarist's married sister from infidelity.,"Violet Hopson, Stewart Rome, Gregory Scott",Richard Garrick,N/A,N/A,N/A
1920,The Movie Bug,"Comedy, Short","The hero is a country boy in love with the town grocer's daughter. The boy gets a moving picture camera and shoots every move of the family. A city slicker with a high hat comes along and tries to steal the heroine, all of which i...","Dorothea Wolbert, Eddie Gribbon, Vin Moore",Vin Moore,N/A,10 min,N/A
1920,A Movie Hero,"Comedy, Short",N/A,"Jimmie Adams, Louise Lorraine",Fred Hibbard,N/A,N/A,N/A
1920,Movie Fans,"Short, Comedy",The dyed-in-the-wool movie fan who is not content to look at pictures but must see how they are made is richly caricatured in this short.,"Gordon Lewis, Lige Conley, Charlotte Mineau",Erle C. Kenton,N/A,20 min,N/A
1920,Movie Madness,"Short, Comedy","The residents of the hall room become motion picture producers, enlisting the aid of the wealthy father of a girl struck with the craze of becoming a screen star. Of course the example of the cinema art that they turn out is atroc...","Hugh Fay, Neely Edwards, Helen Howell",N/A,N/A,N/A,N/A
