Year,Title,Genre,Plot,Actors,Director,Rated,Runtime,Metascore
1969,Blue Movie,"Drama, Romance",Viva and Louis Waldon spend an idyllic afternoon together in an apartment in New York City.,"Viva, Louis Waldon",Andy Warhol,Unrated,105 min,N/A
1969,"I Am an Old Smoking, Moving Indian Movie Star",Short,N/A,N/A,Henri Plaat,N/A,5 min,N/A
1969,Akakage: 3-D Adventure Movie,"Action, Fantasy","A strange cult spreads its evil influence across the country, and it's up to Akakage to find out what the nefarious organization is up to.","Yûzaburô Sakaguchi, Yoshinobu Kaneko, Fuyukichi Maki","Junji Kurata, Tetsuya Yamanouchi",N/A,52 min,N/A
1969,42nd St Movie,Short,"Doob's first longer film begins with a shot of the sun setting over the Hudson River in New York City, and goes on to examine the nighttime street life found in the block of 42nd Street between Seventh and Eighth Avenues. As Doob ...",N/A,Nick Doob,G,17 min,N/A
1969,Home Movie,Short,N/A,N/A,"Arthur Cantrill, Corinne Cantrill",N/A,4 min,N/A
1969,The Mississauga Movie,"Documentary, Short","Developer Bruce McLaughlin outlines his view on urbanism, talking the viewer to historic city centres throughout Europe and the United States.",N/A,"William T. Marshall, Gilbert W. Taylor",N/A,16 min,N/A
1969,The Strange But Unknown Movie Star,Short,N/A,N/A,Henri Plaat,N/A,9 min,N/A
1969,Computer Movie No. 2,"Animation, Short",N/A,N/A,N/A,N/A,8 min,N/A
1969,Computer Movie No. 1,"Animation, Short",N/A,N/A,N/A,N/A,8 min,N/A
