Year,Title,Genre,Plot,Actors,Director,Rated,Runtime,Metascore
1966,Batman: The Movie,"Action, Adventure, Comedy",The Dynamic Duo face four super-villains who plan to hold the world for ransom with the help of a secret invention that instantly dehydrates people.,"Adam West, Burt Ward, Lee Meriwether",Leslie H. Martinson,PG,105 min,71
1966,Word Movie,"Animation, Short","Single frame exposures of words, color.",N/A,Paul Sharits,N/A,4 min,N/A
1966,The Animal Movie,"Short, Animation","A boy plays with a horse, a bird, and a dolphin.",N/A,"Grant Munro, Ron Tunis",N/A,10 min,N/A
1966,"Movie Star, American Style or; LSD, I Hate You",Comedy,"Producer/director Albert Zugsmith's acid-therapy ""comedy,"" complete with a tinted trip sequence ""in hilarious LSD color."" A suicidal film star named Honey Bunny is sent by her producer to a rest home run by an unhinged Dr. Horatio...","T.C. Jones, Frank Delfino, Del Moore",Albert Zugsmith,N/A,99 min,N/A
1966,Messed Up Movie Makers,"Animation, Short","Heckle and Jeckle lease their entire motel to a film company, who wants to film a TV series there. However, they start wrecking their rooms and furniture during the action sequence, so the magpies have to devise a way to get them ...",Dayton Allen,"George Bakes, Al Chiarito",N/A,7 min,N/A
1966,Fluxfilm No. 34: Rainbow Movie,Short,N/A,N/A,Ay-o,N/A,N/A,N/A
1966,IS BATMAN (1966) THE BEST BATMAN MOVIE?,N/A,N/A,N/A,N/A,N/A,N/A,N/A
