Year,Title,Genre,Plot,Actors,Director,Rated,Runtime,Metascore
1979,The Muppet Movie,"Adventure, Comedy, Family","Kermit and his newfound friends trek across America to find success in Hollywood, but a frog legs merchant is after Kermit.","Jim Henson, Frank Oz, Jerry Nelson",James Frawley,G,95 min,74
1979,The Bugs Bunny/Road-Runner Movie,"Animation, Comedy, Family",Bugs Bunny reflects on his past cartoon exploits.,"Mel Blanc, Arthur Q. Bryan, Paul Julian","Chuck Jones, Phil Monroe, Maurice Noble",G,98 min,N/A
1979,The Space Movie,Documentary,A musical journey through our solar system to the far reaches of the universe.,"Buzz Aldrin, Neil Armstrong, Mike Collins",Tony Palmer,G,78 min,N/A
1979,Almost a Movie,Crime,"A young man meets up with his new stepmother at a villa, but his father never appears. Suspicious of his step-mother, he then proceeds to keep her a prisoner in the villa as he forces her to reveal details of her hidden past.","Tim Morris, Carol Aston, Tracy Fleming",Michael J. Murphy,N/A,48 min,N/A
1979,Track Stars.: The Unseen Heroes of Movie Sound,"Documentary, Short",Two Foley artists provide live sound effects to an action scene.,"Peter Muir, Paul Amato",Terry Burke,N/A,8 min,N/A
1979,Ida Makes a Movie,"Family, Short",A young girl faces a moral quandary when her film wins a prize because the judges misinterpreted its intended theme.,"Zoe Newman, Dawn Harrison, Allan Meiusi, Elwy Yost","Kit Hood, Linda Schuyler",N/A,23 min,N/A
1979,Shimoochiai Yakitori Movie,Comedy,N/A,"George Tokoro, Tamori, Fujio Akatsuka",Shinya Yamamoto,N/A,86 min,N/A
1979,The Image Maker and the Indians: E. S. Curtis and His 1914 Kwakiutl Movie,"Documentary, Short",N/A,"Bill Holm, George Irving Quimby",N/A,N/A,16 min,N/A
1979,William Shakespeare: The Movie,Short,N/A,Bruce Campbell,Sam Raimi,N/A,N/A,N/A
1979,I Really Don't Think I Can Make This Movie,"Short, Drama",N/A,Cynthia Penter,Cynthia Penter,N/A,8 min,N/A
