Year,Title,Genre,Plot,Actors,Director,Rated,Runtime,Metascore
2012,Indie Game: The Movie,"Documentary, Drama","A documentary that follows the journeys of indie game developers as they create games and release those works, and themselves, to the world.","Jonathan Blow, Brandon Boyer, Renaud Bédard","Lisanne Pajot, James Swirsky",Not Rated,103 min,73
2012,Tim and Eric's Billion Dollar Movie,Comedy,"Two guys get a billion dollars to make a movie, only to watch their dream run off course. In order to make the money back, they then attempt to revitalize a failing shopping mall.","Tim Heidecker, Eric Wareheim, Robert Loggia","Tim Heidecker, Eric Wareheim",R,93 min,40
2012,Road to Ninja - Naruto the Movie,"Animation, Action, Adventure","Naruto and Sakura are captured in a parallel world by Madara, who's intentions are to steal the Nine Tails from Naruto.","Junko Takeuchi, Chie Nakamura, Toshiyuki Morikawa",Hayato Date,TV-14,109 min,N/A
2012,Nitro Circus: The Movie,"Documentary, Action, Comedy","Travis Pastrana and his tight-knit, highly-skilled, adrenaline-addicted friends bring their impossible, ridiculous, insane and hysterical adventures to the big screen for the first time.","Travis Pastrana, Tommy Passemante, Jeremy Rawle","Gregg Godfrey, Jeremy Rawle",PG-13,92 min,43
2012,Blue Exorcist: The Movie,"Animation, Action, Adventure","Rin and his friends, along with the rest of True Cross Academy Town, are in the midst of preparing for a festival that is celebrated only once every 11 years. While the barriers protecting the city from demon intrusions are being ...","Nobuhiko Okamoto, Jun Fukuyama, Kana Hanazawa",Atsushi Takahashi,N/A,88 min,N/A
2012,Big Time Movie,"Comedy, Family, Music","The boys from Big Time Rush travel to London for their first international tour and accidentally get involved in a dangerous device capable of destroying the world. Features covers of Beatles' songs, as well as original tunes.","Kendall Schmidt, James Maslow, Carlos PenaVega",Savage Steve Holland,G,68 min,N/A
2012,Pokémon the Movie: Kyurem vs. the Sword of Justice,"Animation, Action, Adventure","An over zealous pokemon called Keldeo enrages a very powerful Kyurem. With the help of Ash and Pikachu, can Keldeo become a sword of justice and defeat the mighty Kyurem?","Sarah Natochenny, Eileen Stevens, Jason Griffith",Kunihiko Yuyama,Not Rated,72 min,N/A
2012,Puella Magi Madoka Magica the Movie Part 1: Beginnings,"Animation, Drama, Fantasy","A mysterious creature ""Kyubey"" offers a young girl named Madoka Kaname the chance to have any one wish granted to her. In exchange she must battle evil creatures named ""Witches"" at the risk of losing her life.","Aoi Yûki, Chiwa Saitô, Eri Kitamura","Fujiaki Asari, Mamoru Hatakeyama, Takashi Kawabata",Not Rated,130 min,N/A
2012,Puella Magi Madoka Magica the Movie Part 2: Eternal,"Animation, Fantasy, Mystery","As the truth behind the girls' contracts with Kyubey is revealed, Madoka has to make the ultimate decision to either see those she love the most die before her eyes or to sacrifice her life as a normal girl and help out her friend...","Aoi Yûki, Chiwa Saitô, Eri Kitamura","Tomoyuki Itamura, Yukihiro Miyamoto, Masahiro Mukai",Not Rated,109 min,N/A
2012,High Rise Life - The Movie,Comedy,"For a long time, a group of friends have been on a yearly summer trip to Laholm. This year, they want to go somewhere else, at least everyone except Ulf, who force the others to join the trip - by saying he has cancer.","Johan Glans, Vanna Rosenberg, David Batra",Mikael Syrén,N/A,84 min,N/A
