Year,Title,Genre,Plot,Actors,Director,Rated,Runtime,Metascore
1922,The Original Movie.,"Short, Animation, Comedy","A look at the filmmaking process in the prehistoric era, inside the Stonehenge Film Company. It seems some things haven't changed much. The process begins with the writer dropping off his script, which the director immediately cho...",N/A,Tony Sarg,Unrated,8 min,N/A
1922,Walter Makes a Movie,"Short, Comedy",Walter finds an actress's lost handbag and spoils her film.,"Walter Forde, Pauline Peters, Tubby Phillips","Walter Forde, Tom Seymour",N/A,N/A,N/A
1922,A Movie Mixup,"Comedy, Short",N/A,"Roy Atwell, Ethel Ritchie",Craig Hutchinson,N/A,N/A,N/A
1922,Pop Tuttle's Movie Queen,"Short, Comedy",N/A,"Dan Mason, Wilna Wilde, Charles Gerson, Jamie Gray",Robert Eddy,N/A,N/A,N/A
