Year,Title,Genre,Plot,Actors,Director,Rated,Runtime,Metascore
1987,The Garbage Pail Kids Movie,"Adventure, Comedy, Family",Dodger must confront the struggles of life as he is visited by the Garbage Pail Kids and intimidated by some older bullies.,"Anthony Newley, Mackenzie Astin, Phil Fondacaro",Rod Amateau,PG,100 min,1
1987,G.I. Joe: The Movie,"Animation, Action, Adventure, Family, Fantasy, Sci-Fi",The heroic G.I. Joe action force must oppose the ruthless Cobra organization that has secretly allied with a subterranean reptilian people who were their founders.,"Charlie Adler, Shuko Akune, Jack Angel, Michael Bell",Don Jurwich,PG,93 min,N/A
1987,Beaks: The Movie,"Horror, Thriller","Vanessa, a television reporter covering a story of a farmer attacked by his chickens, discovers that this is not an isolated incident...","Christopher Atkins, Michelle Johnson, Sonia Infante",René Cardona Jr.,R,100 min,N/A
1987,Thundercats Ho! The Movie,"Animation, Action, Adventure, Family, Fantasy, Sci-Fi",Lion-O is haunted by the recurring nightmares of Thunderians being killed on Thundera while he fled to the safety of Third Earth with Jaga and the other ThunderCats. Jaga later tells Lion-O...,"Bob McFadden, Earl Hammond, Larry Kenney, Lynne Lipton",Katsuhito Akiyama,N/A,91 min,N/A
1987,The Puppetoon Movie,"Animation, Family","Salute to the revolutionary Oscar winning stop motion animated Puppetoons created by sci-fi fantasy film legend George Pal. Gumby, Pokey and Arnie the Dinosaur host 12 of Pal's milestone shorts from 1934-1947 that have inspired an...","Paul Frees, Dal McKennon, Art Clokey",Arnold Leibovit,G,79 min,N/A
1987,Movie in Action,"Action, War",A movie crew is shooting in Thailand when some military guys kidnap the female star. The crew decide to fight back to get the movie star while shooting their movie.,"Bo Svenson, Robert Marius, Jim Gaines",Teddy Page,N/A,85 min,N/A
1987,New York Yankees (the Movie),"Documentary, History, Sport","The history of baseball's most famous franchise, from the beginning in 1903 through the 1986 season. Documentary uses newsreel, game footage, and interviews with players, coaches, and team personnel.","Mel Allen, Yogi Berra, Bob Costas",Lawrence Miller,N/A,96 min,N/A
1987,Beirut: The Last Home Movie,Documentary,Documentary about the Bustros Family,N/A,Jennifer Fox,N/A,123 min,N/A
1987,Australian Made: The Movie,"Documentary, History, Music",Australian Made: The Movie is a concert film of the 'Australian Made' tour from December 1986 to January 1987.,"Zan Abeyratne, Christina Amphlett, Chris Bailey",Richard Lowenstein,N/A,79 min,N/A
1987,Life Flight: The Movie,N/A,"Evangelistic in content and emphasis, ""Life Flight"" is an action-packed family program about finding meaning in life.","Jim McMullan, Pat Delaney, Lynda Beatie",Donald W. Thompson,Not Rated,87 min,N/A
