Year,Title,Genre,Plot,Actors,Director,Rated,Runtime,Metascore
1981,"The Looney, Looney, Looney Bugs Bunny Movie","Animation, Comedy, Crime",Bugs Bunny hosts an award show featuring several classic Looney Toon shorts.,"Mel Blanc, Stan Freberg, June Foray",Friz Freleng,G,79 min,N/A
1981,Great Movie Stunts: Raiders of the Lost Ark,"Documentary, Action",N/A,"Harrison Ford, Karen Allen, Steven Spielberg",Robert Guenette,N/A,48 min,N/A
1981,Kamen Rider Super-1: The Movie,"Action, Adventure, Drama","The Dogma Kingdom attacks the Matagi (mountain tribe) village of Yamabiko to steal the sacred Flying Dragon Fortress and wreak havoc all over Japan. Six children from the fallen village take refuge in a nearby town, keeping their ...","Hiroshi Miyauchi, Shunsuke Takasugi, Nobuo Tsukamoto",N/A,N/A,46 min,N/A
1981,Elvira's Movie Macabre: Count Dracula's Great Love,N/A,"Five stranded travelers are forced to take refuge in the legendary Castle Dracula. Unfortunately, the infamous Count Dracula (Paul Naschy) is alive and well and more than eager to take in his new guests. But when one of the travel...",N/A,N/A,Unrated,98 min,N/A
1981,Elvira's Movie Macabre: The Devil's Wedding Night,N/A,"A quest for the mythical Ring of Vermougglian leads the Schiller brothers to Transylvania and Castle Dracula, where they find more than they bargained for in the castle's current resident and her undead servant. What follows is a ...",N/A,N/A,Not Rated,99 min,N/A
1981,Making a Monster Movie: Inside 'the Howling',"Documentary, Short",N/A,"Joe Dante, Rob Bottin, Patrick Macnee",Mick Garris,N/A,8 min,N/A
1981,Superbman: The Other Movie,"Short, Comedy","Planet Krapton will soon explode. Hoping to save his infant son from doom, Jel-lo rockets him to Earth. There the child, now named Clark aka Superbman, is adopted by Ma and Pa Cant. Clark grows-up and becomes a reporter for the Da...","Mark Rydzynski, Patricia Matthews, Dan Sanchez",Dave Teubner,N/A,30 min,N/A
1981,The Juggling Movie,Short,"The Pickle Family Jugglers share the essentials of juggling, including: Three Elements That Separate Juggling From Playing Catch, Throwing To The Imaginary Spot, and Keeping It Away From The Monkey In The Middle. An old-school optica","Cecil MacKinnon, Larry Pisoni, Peggy Pisoni",Patrick Melly,G,10 min,N/A
1981,You Can't Hurry Love: Son of Stiff Tour Movie,"Documentary, Music",N/A,"Joe King Carrasco &amp; The Crowns, Dirty Looks",Jeff Baynes,N/A,N/A,N/A
1981,The Movie at the End of the World: Thomas McGrath,"Documentary, Biography","""The Movie at the End of the World"" is a compilation documentary about the life and work of the late North Dakota poet, Thomas McGrath.

Also known as Dream Champ, Tommie the Commie, Crazy Horse, Peasant Poet, Longshot O'Leary and...","Frederick Manfred, Tom McGrath, Tom McGrath","Paul Burtness, Mike Hazard",N/A,57 min,N/A
