Year,Title,Genre,Plot,Actors,Director,Rated,Runtime,Metascore
1984,Holly - The Movie,"Comedy, Drama, Romance","Otto, a young man from East-Frisia, comes to the big city of Hamburg to make his fortune. Most of all he is engaged with two problems: How can he impress Silvia, a wealthy young girl; and where does he get 9,876.50 DM to pay off a...","Otto Waalkes, Elisabeth Wiedemann, Sky du Mont","Xaver Schwarzenberger, Otto Waalkes",N/A,85 min,N/A
1984,"Kerouac, the Movie","Documentary, Biography, Drama",Jack Kerouac was a Beat Generation writer who took the nation by storm upon the publication of his novel On the Road. Kerouac's legacy and influence are explained via interviews with Kerouac's friends and contemporaries such as Wi...,"Peter Coyote, Jack Coulter, Cindy Alwan",John Antonelli,Not Rated,78 min,N/A
1984,Supergirl: The Making of the Movie,Documentary,"A documentary filmed during production of the film ""Supergirl"" showing the world how and who made it. This interesting featurette includes interviews with the cast and crew along with footage from the film and excerpts from the mu...","Faye Dunaway, Peter O'Toole, Ted Maynard",Peter Hollywood,Unrated,60 min,N/A
1984,The Slim Dusty Movie,"Documentary, Biography, Drama","The film dramatises the early life and career of Australian country music singer/songwriter Slim Dusty, interspersed with footage of a 1980s round Australia tour by the Slim Dusty family and featuring several songs from Dusty's lo...","Slim Dusty, Joy McKean, Anne Kirkpatrick",Rob Stewart,N/A,107 min,N/A
1984,"Lovingly Yours, Helen (The Movie)","Comedy, Drama, Horror",THIS DRAMATIC ANTHOLOGY OF TRUE-TO-LIFE STORIES OF LOVE AND DOMESTIC PROBLEMS BASED ON LETTERS SENT BY TV - DRAMA PROGRAM HOSTED BY HELEN VELA WHO GIVES ADVICE TO TROUBLED VIEWERS.,"Helen Vela, Coney Reyes, Anita Linda",Argel Joseph,N/A,N/A,N/A
1984,Pirata! Cult Movie,Sci-Fi,"In a hypothetical future not too far away people are completely dazed and spend their days passively watching TV. The state is controlled by a dictator, the Supreme Dreamer, who governs through the brutal force of the police, whos...","Paolo Ricagno, Gloria Ferraro, Nadia Ferraro",Paolo Ricagno,N/A,95 min,N/A
1984,Space Cop Shaider: The Movie,N/A,N/A,"Hiroshi Tsuburaya, Naomi Morinaga, Jun Yoshida",N/A,N/A,N/A,N/A
1984,Chodenshi Baioman the Movie,"Adventure, Fantasy, Sci-Fi",The five Bioman heroes are back in their own movie.,"Yûko Asuka, Michiko Makino, Hirohisa Nakata, Akito Osuga",Nagafumi Hori,N/A,N/A,N/A
1984,Dislocated Third Eye Series - Next Movie - High Noon,Short,N/A,N/A,Franciska Knoblehar,N/A,N/A,N/A
1984,Episode 172: &quot;Beverly Hills Cop&quot; (1984): Movie Review,Talk-Show,"Derek and Chris go back and review the 1984 Eddie Murphy film, ""Beverly Hills Cop"". Is it a comedy? Is it a drama? Is it a fish-out-of-water story? The guys talk about the movie's box office performance, the cast, the script, the ...","Chris McBrien, Derek Myers",N/A,N/A,N/A,N/A
