Year,Title,Genre,Plot,Actors,Director,Rated,Runtime,Metascore
2011,The Greatest Movie Ever Sold,"Documentary, Comedy","A documentary about branding, advertising and product placement that is financed and made possible by brands, advertising and product placement.","J.J. Abrams, Peter Berg, Paul Brennan",Morgan Spurlock,PG-13,90 min,66
2011,Phineas and Ferb the Movie: Across the 2nd Dimension,"Animation, Action, Adventure","Phineas and Ferb discover that Perry is a secret agent, and they all get stuck in an alternate dimension where Doofenschmirtz is the ruler of the tri-state area.","Vincent Martella, Ashley Tisdale, Thomas Brodie-Sangster","Robert Hughes, Dan Povenmire, Jay Lender",TV-G,78 min,N/A
2011,Glee: The 3D Concert Movie,"Documentary, Comedy, Music","A concert mockumentary shot during the Glee Live In Concert 2011 tour, featuring song performances, backstage scenes and fans' stories on how the show influenced their lives.","Cory Monteith, Dianna Agron, Lea Michele","Kevin Tancharoen, Jennifer Arnold",PG,84 min,48
2011,Naruto Shippuden the Movie: Blood Prison,"Animation, Action, Fantasy",Naruto Uzumaki is framed and sent to an inescapable prison where he must escape by any means necessary.,"Junko Takeuchi, Chie Nakamura, Rikiya Koyama",Masahiko Murata,TV-14,108 min,N/A
2011,The Suite Life Movie,"Adventure, Comedy, Crime","A doctor approaches Zack and Cody and tells them that they would be ideal for the Gemini Project, a massive project studying the effects of twins.","Cole Sprouse, Dylan Sprouse, Brenda Song",Sean McNamara,Not Rated,79 min,N/A
2011,"A Fairly Odd Movie: Grow Up, Timmy Turner!","Comedy, Family, Fantasy","Timmy turns 23 and his godparents are fighting to keep him, while Crocker is still up to his nefarious schemes.","Drake Bell, Daniella Monet, Steven Weber",Savage Steve Holland,PG,48 min,N/A
2011,Dirty Movie,Comedy,"An outrageous cut-rate producer, Charlie LaRue is about to fulfill his lifelong dream to make a movie about the most offensive, dirtiest jokes ever told.","Emily Donahoe, Christopher Meloni, Diane Neal","Jerry Daigle, Christopher Meloni",R,91 min,N/A
2011,Horrid Henry: The Movie,"Adventure, Comedy, Family","Horrid Henry finds himself doing things he never ever thought he'd do, and then some.","Theo Stevenson, Richard E. Grant, Parminder Nagra",Nick Moore,PG,93 min,N/A
2011,K-On! The Movie,"Animation, Adventure, Comedy","In this continuation of the K-On anime, the girls from the band ""After School Tea Time"" go on a trip to London.","Aki Toyosaki, Yôko Hikasa, Satomi Satô",Naoko Yamada,TV-14,110 min,N/A
2011,Pokémon the Movie: White - Victini and Zekrom,"Animation, Action, Adventure",The greatest adventure in Pokémon history approaches.,"Rica Matsumoto, Ikue Ôtani, Hideki Takahashi",Kunihiko Yuyama,Not Rated,97 min,N/A
