Year,Title,Genre,Plot,Actors,Director,Rated,Runtime,Metascore
1988,Felix the Cat: The Movie,"Animation, Adventure, Comedy","In another dimension, the villainous scientist Duke of Zill, with the help of his mechanical, geometric army, takes over the Land of Oriana, prompting Felix the Cat to save its princess and restore order once again.","Chris Phillips, Marbry Steward, Peter Newman",Tibor Hernádi,G,82 min,N/A
1988,Midnight Movie Massacre,"Comedy, Horror, Sci-Fi",A Martian begins to attack the patrons and staff of a movie theater during the 1950's as a low budget science fiction film plays on the screen.,"Robert Clarke, Ann Robinson, David Staffer","Laurence Jacobs, Mark Stock",N/A,85 min,N/A
1988,Bar-B-Que Movie,Short,"In this twisted spoof of ""The Texas Chain Saw Massacre,"" a vacationing family encounters a communal group of cannibalistic misfits, played by legendary punk band Butthole Surfers. After drinking a hallucinogenic beverage, and eati...","King Coffey, John Hawkes, Gibby Haynes",Alex Winter,N/A,11 min,N/A
1988,U2: The Making of the Movie 'Rattle and Hum',"Documentary, Music","Documentry Of The Making of the U2 Concert film, Rattle And Hum.","Bono, The Edge, Adam Clayton, Larry Mullen Jr.",N/A,Unrated,N/A,N/A
1988,The Violence Movie,"Short, Comedy","When a deranged killer (David E. Wilkinson) escapes from prison, he inexplicably invades the home of Joey Hammond (Joseph Shaugnessy) who must fight for his life in order to stay alive.","David Wilkinson, Michael Kahn, Joseph Shaughnessy",Eric D. Wilkinson,Not Rated,14 min,N/A
1988,Sakigake!! Otokojuku Movie,"Animation, Action, Comedy","Otokojuku, a private school for juvenile delinquents that were previously expelled from normal schools. At this school, Japanese chivalry is taught through the feudal and military fundamentals. Similar to an action film, the class...","Hideyuki Hori, Michiko Abe, Takeshi Aono",Tetsuo Imazawa,N/A,71 min,N/A
1988,Starlight: A Musical Movie,Musical,Talented youths go to the Starlight camp in trying to prepare for a musical concert.,"Kario Salem, Jean Taylor, Kathryn Eames",Orin Wechsberg,N/A,78 min,N/A
1988,Canada: Another Government Movie,N/A,N/A,Dan McLean,N/A,N/A,N/A,N/A
1988,All-Time Movie Greats,"Documentary, History",N/A,"Humphrey Bogart, Marlon Brando, James Dean, Cecil B. DeMille",N/A,Not Rated,62 min,N/A
1988,Episode 228: &quot;They Live&quot; (1988): Movie Review,Talk-Show,"Chris and Derek go back and watch the 1988 John Carpenter film, ""They Live"". They discuss the box office, the cast, memorable scenes and behind-the-scenes trivia. For the ""Fun With Caveman"" segment of the show, Chris quizzes Derek...","Chris McBrien, Derek Myers",N/A,N/A,N/A,N/A
