Year,Title,Genre,Plot,Actors,Director,Rated,Runtime,Metascore
1976,Silent Movie,Comedy,A film director and his strange friends struggle to produce the first major silent feature film in forty years.,"Mel Brooks, Marty Feldman, Dom DeLuise",Mel Brooks,PG,87 min,75
1976,Let's Make a Dirty Movie,Comedy,"A bumbling film crew attempts to make a porno movie. Unfortunately, the cast are all egomaniacs or incompetents, and the set manager is too shy to purchase any equipment from the sex shops. Nevertheless, they make do with what the...","Claude Brasseur, Robert Castel, Nathalie Courval",Gérard Pirès,R,85 min,N/A
1976,The Redd Foxx Becomes a Movie Star,"Documentary, Short","Redd Foxx has been in various aspects of show business for several years, but is now starring for the first time in a feature length movie, the comedy Norman... Is That You? (1976), ...","Pearl Bailey, Tamara Dobson, Allan Drake, Dennis Dugan",Elliot Geisinger,N/A,8 min,N/A
1976,Movie Rush - La febbre del cinema,Comedy,A young aspiring director steals a silent movie camera to make his movie. Lots of weirdness and simulated sex ensue.,"Benjamin Lev, Loredana Bertè, Massimo Boldi",Ottavio Fabbri,N/A,98 min,N/A
1976,A Bicentennial Movie,Short,N/A,N/A,Ken Ward,N/A,7 min,N/A
1976,"Don't Worry, It's Only a Movie",N/A,N/A,N/A,Donald Blank,N/A,N/A,N/A
1976,Stolen Movie,Short,N/A,N/A,Craig Baldwin,N/A,N/A,N/A
1976,The Adventures of Sebastyn: The Movie,Comedy,N/A,N/A,Roy Qurin,N/A,77 min,N/A
1976,Starvengers: The Movie,Animation,N/A,"Laura Cummins, Sean Faherty, Bob Linda King",Mike Haller,N/A,N/A,N/A
