Year,Title,Genre,Plot,Actors,Director,Rated,Runtime,Metascore
2003,Scary Movie 3,Comedy,"Cindy must investigate mysterious crop circles and video tapes, and help the President in preventing an alien invasion.","Anna Faris, Charlie Sheen, Regina Hall",David Zucker,PG-13,84 min,49
2003,The Lizzie McGuire Movie,"Adventure, Comedy, Family","Lizzie McGuire has graduated from middle school and takes a trip to Rome, Italy with her class. And what was supposed to be only a normal trip, becomes a teenager's dream come true.","Hilary Duff, Adam Lamberg, Clayton Snyder",Jim Fall,PG,94 min,56
2003,Piglet's Big Movie,"Animation, Adventure, Comedy","When Piglet comes up missing his Hundred Acre Wood friends use Piglet's own Book of Memories to find him, discovering along the way just how big a role he's played in their lives.","John Fiedler, Jim Cummings, Ken Sansom",Francis Glebas,G,75 min,62
2003,Stitch! The Movie,"Animation, Adventure, Comedy, Family, Sci-Fi","Stitch, an alien living on Earth disguised as a dog with his human family, continues his adventures when he discovers that the alien family he never knew he had is now in Hawaii, being hunted down by galactic forces.","Daveigh Chase, Chris Sanders, Tia Carrere, David Ogden Stiers","Tony Craig, Roberts Gannaway",G,60 min,N/A
2003,The Even Stevens Movie,"Comedy, Family","Dream vacation Dream on! Ren, Louis, and the entire Stevens family battle ferocious squirrels, angry natives and one another on the adventure of a lifetime.","Shia LaBeouf, Christy Carlson Romano, Donna Pescow",Sean McNamara,TV-G,93 min,N/A
2003,Blue Collar Comedy Tour: The Movie,"Comedy, Documentary",The comedic stylings of four sort-of famous funnymen are brought to the big screen courtesy of this 2002 documentary.,"Jeff Foxworthy, Bill Engvall, Ron White",C.B. Harding,PG-13,105 min,70
2003,The Last Horror Movie,"Horror, Thriller","A serial killer uses a horror video rental to lure his next victim. What begins as a teen slasher transforms into a disturbing journey through the mind of Max Parry, a mild mannered wedding photographer with a taste for human flesh.","Kevin Howarth, Mark Stevenson, Antonia Beamish",Julian Richards,R,80 min,N/A
2003,InuYasha the Movie 3: Swords of an Honorable Ruler,"Animation, Action, Adventure","After 700 years the sword Sounga, who belonged to the Great Dog Demon, is unleashed, tearing a rift in the barrier between the underworld and the earth and stirring the restless souls.","Kappei Yamaguchi, Satsuki Yukino, Kôji Tsujitani",Toshiya Shinohara,Not Rated,99 min,N/A
2003,15: The Movie,"Drama, Comedy","Fast, frenetic, and furious, 15 is story of five Singaporian teenagers who, abandoned by system.","Melvin Chen, Erick Chun, Melvin Lee",Royston Tan,TV-MA,96 min,47
2003,The Movie Hero,"Comedy, Romance",A man believes his life is a movie watched by an audience only he can see.,"Jeremy Sisto, Dina Meyer, Peter Stormare",Brad T. Gottfred,Not Rated,98 min,N/A
