Year,Title,Genre,Plot,Actors,Director,Rated,Runtime,Metascore
1972,The Underground Movie,"Animation, Short, Comedy","Using gadgets and a special machine, called Old Chucknose, an inventor and his crew attempt to dig into the other side of the earth.","Jim Macaulay, John O'Leary",Les Drew,N/A,14 min,N/A
1972,The Return of the Movie Movie,"Documentary, Short",Promotional documentary on the making of The Poseidon Adventure (1972).,"Jack Albertson, Irwin Allen, Charles Bateman, Ernest Borgnine",Andrew J. Kuehn,N/A,10 min,N/A
1972,Henshin Ninja Arashi the Movie,"Short, Action",N/A,"Hiroko Hayashi, Kanyu Matsuba, Tatsuya Nanjô",N/A,N/A,N/A,N/A
1972,"Projection Piece, or Dead Movie Re-Titled",N/A,N/A,N/A,Takahiko Iimura,N/A,N/A,N/A
