Year,Title,Genre,Plot,Actors,Director,Rated,Runtime,Metascore
1970,The Longest Most Meaningless Movie in the World,"Documentary, Drama, History",The Longest Most Meaningless Movie in the World is an underground movie made in the UK that runs to 48 hours long.,N/A,Vincent Patouillard,TV-14,2880 min,N/A
1970,The Movie Murderer,"Crime, Drama, Mystery","An experienced arson investigator takes along his young associate when he believes that a master arsonist is responsible for a series of fires and the motive may be the destruction of all prints of an ""art"" film.","Arthur Kennedy, Warren Oates, Tom Selleck",Boris Sagal,N/A,99 min,N/A
1970,The Hog Farm Movie,"Documentary, Short","A commune of improvisational theatre performers, musicians, light-show artists, film makers, geodesic dome designers and former members of Ken Kesey's Merry Pranksters takes shape on a mountaintop in southern California, where the...",N/A,David Lebrun,N/A,37 min,N/A
1970,This Is My Black Movie,Short,"Surreal short full of dreamlike images featuring a man being seduced by a woman, juxtaposed with images of faces, skulls and spiders.","Tim Zentner, Francine Podenski",Richard Gaikowski,N/A,6 min,N/A
