Year,Title,Genre,Plot,Actors,Director,Rated,Runtime,Metascore
1964,How to Plan a Movie Murder,Short,"The writer, director and star of the 1964 horror film ""Strait-Jacket"" in a humorous featurette in which they plan ""the perfect murder."" Includes clips from ""Strait-Jacket.""","Robert Bloch, William Castle, Joan Crawford",William Castle,N/A,4 min,N/A
1964,The Movie Maker,Drama,N/A,"Rod Steiger, Dabney Coleman, Robert Culp",Ron Winston,N/A,91 min,N/A
1964,Inside the Movie Kingdom - 1964,Documentary,Portrait of the contemporary American and international film industry.,"Julie Andrews, Carroll Baker, Ingrid Bergman",N/A,N/A,75 min,N/A
1964,Goldfinger (1964)/Sunset Blvd. (1950) - 56 Movie Buff Specialists (Ep 45),N/A,N/A,N/A,N/A,N/A,N/A,N/A
