Year,Title,Genre,Plot,Actors,Director,Rated,Runtime,Metascore
1998,Pokémon: The First Movie - Mewtwo Strikes Back,"Animation, Action, Adventure","Scientists genetically create a new Pokémon, Mewtwo, but the results are horrific and disastrous.","Veronica Taylor, Rachael Lillis, Eric Stuart",Kunihiko Yuyama,G,96 min,35
1998,The Rugrats Movie,"Animation, Adventure, Comedy",The babies gets lost in the forest after Tommy Pickles gets a new baby brother.,"Elizabeth Daily, Christine Cavanaugh, Kath Soucie","Igor Kovalyov, Norton Virgien",G,79 min,62
1998,Rudolph the Red-Nosed Reindeer: The Movie,"Animation, Adventure, Family",It's up to Santa's most famous reindeer to save the day when an evil queen conjures up a storm on Christmas.,"John Goodman, Bob Newhart, Debbie Reynolds",William R. Kowalchuk Jr.,G,83 min,N/A
1998,Gundam Wing: The Movie - Endless Waltz,"Animation, Action, Drama","After Colony 196, Treize Kushrenada is dead and the 5 young soldiers known as the Gundam pilots have brought peace between Earth and the Colonies through Operation me. Now they move on with their lives and their Gundams are being ...","Mark Hildreth, Scott McNeil, Kirby Morrow","Yasunao Aoki, Nana Harada",N/A,90 min,N/A
1998,Hercules and Xena - The Animated Movie: The Battle for Mount Olympus,"Animation, Action, Adventure, Family, Fantasy",Hercules and Xena join forces to save the Gods of Olympus from the all-powerful Titans.,"Kevin Sorbo, Lucy Lawless, Michael Hurst, Renée O'Connor",Lynne Naylor,PG,80 min,N/A
1998,Beach Movie,Comedy,"Link is torn between the two loves of his life: surfing, and his girlfriend Sunny. He's also got to deal with an angry landlady who's threatening to evict him if he doesn't start paying his rent. When three rich but clueless newco...","Alex DeBoe, Gabrielle Anwar, Douglas Spain",John Quinn,R,90 min,N/A
1998,Broken Silence: A Moment of Truth Movie,Drama,"When a young track star is raped by her coach, no one but her mother will believe her story.","Ariana Richards, Susan Blakely, William Bumiller",Joseph L. Scanlan,N/A,87 min,N/A
1998,Shattered Hearts: A Moment of Truth Movie,"Drama, Romance","Teenager Julie's life changes forever when her high-school sweetheart Luke is diagnosed with leukemia. Together they try to make the best of things, intent on carrying out a dream vacation to Canada.","Beth Broderick, Scott Vickaryous, Katie Gratson",James A. Contner,N/A,89 min,N/A
1998,The Cowboy and the Movie Star,"Drama, Romance","Depressed at the thought of losing his family ranch to settle his divorce, cowboy Clint Brannan decides to drive his cattle up to their high pasture. One day into the drive Clint happens across actress Sean Livingston who has run ...","Sean Young, Perry King, Priscilla Barnes",Mark Griffiths,N/A,100 min,N/A
1998,Black Spring Break: The Movie,Comedy,"The tropical paradise of Daytona Beach plays host to its annual deluge of party-hungry college students, including a budding rapper and a football star, who dodge greedy athletic agents while looking for fun and romance.","Daron Fordham, Kenny Flyy, Le Kisha Raine",Marlon Parry,TV-MA,90 min,N/A
