Year,Title,Genre,Plot,Actors,Director,Rated,Runtime,Metascore
1929,Man with a Movie Camera,Documentary,"A man travels around a city with a camera slung over his shoulder, documenting urban life with dazzling invention.","Mikhail Kaufman, Elizaveta Svilova",Dziga Vertov,Not Rated,68 min,96
1929,Movie Night,"Short, Comedy, Family","A family goes on its weekly outing to the movies, but the evening is hampered by an attempt to pass the wife's brother off as a child, a crowded theater, and the daughter's apparently contagious case of the hiccups.","Charley Chase, Eugenia Gilbert, Edith Fellows",Lewis R. Foster,N/A,20 min,N/A
1929,A Moving Movie Show,"Animation, Short",N/A,N/A,N/A,N/A,N/A,N/A
1929,Hoover Home Movie: Fishing Trip,"Short, History, Reality-TV","A Rare Kodacolor Home Movie Shows Herbert And Lou Henry Hoover With Friends, Jeremiah And Katherine Millbank Fishing Off The Florida Coast In 1929.","Herbert Hoover, Lou Henry Hoover, Jeremiah Millbank",N/A,N/A,9 min,N/A
