Year,Title,Genre,Plot,Actors,Director,Rated,Runtime,Metascore
2014,The Lego Movie,"Animation, Action, Adventure","An ordinary LEGO construction worker, thought to be the prophesied as ""special"", is recruited to join a quest to stop an evil tyrant from gluing the LEGO universe into eternal stasis.","Chris Pratt, Will Ferrell, Elizabeth Banks","Phil Lord, Christopher Miller",PG,100 min,83
2014,The Last: Naruto the Movie,"Animation, Action, Adventure","Hinata Hyuga's younger sister has been kidnapped, so Naruto must do what he can to save her.","Junko Takeuchi, Nana Mizuki, Jun Fukuyama",Tsuneo Kobayashi,TV-14,112 min,N/A
2014,Stromberg - The Movie,Comedy,The movie spin-off of the TV series centered around the incompetent boss of a German insurance office.,"Christoph Maria Herbst, Milena Dreißig, Bjarne Mädel",Arne Feldhusen,N/A,123 min,N/A
2014,Angry Video Game Nerd: The Movie,"Action, Adventure, Comedy",The AVGN must overcome his phobia of the worst video game in the world to save his fans.,"James Rolfe, Jeremy Suarez, Sarah Glendening","Kevin Finn, James Rolfe",R,115 min,N/A
2014,Hello Ladies: The Movie,Comedy,"Stuart has recently split up with his girlfriend. When his girlfriend comes to visit LA, Stuart pretends to have a relationship with his tenant to make his ex feel jealous.","Stephen Merchant, Christine Woods, Nate Torrence",Stephen Merchant,TV-MA,85 min,N/A
2014,Video Games: The Movie,"Documentary, History","Learn how video games are made, marketed, and consumed by looking back at gaming history and culture through the eyes of game developers, publishers, and consumers.","Sean Astin, Al Alcorn, Peter Armstrong",Jeremy Snead,Not Rated,101 min,40
2014,The Fluffy Movie: Unity Through Laughter,"Documentary, Comedy","A comedy concert film that captures the on-stage performance and inspirational success story of Gabriel ""Fluffy"" Iglesias.","Gabriel Iglesias, Jacqueline Obradors, Gina Brillon","Manny Rodriguez, Jay Lavender",PG-13,101 min,56
2014,Corner Gas: The Movie,Comedy,As the town of Dog River goes bankrupt the residents of the town must pack up and move out. However our favourite citizens make one last-ditch effort to save Dog River.,"Brent Butt, Gabrielle Miller, Fred Ewanuick",David Storey,PG,90 min,N/A
2014,Maya the Bee Movie,"Animation, Adventure, Comedy",Maya is a little bee with a big heart! Join her on an epic adventure.,"Kodi Smit-McPhee, Richard Roxburgh, Noah Taylor",Alexs Stadermann,G,89 min,49
2014,Postman Pat: The Movie,"Animation, Comedy, Family",A veteran postman finds his beliefs challenged after he enters a TV talent show competition.,"Stephen Mangan, Jim Broadbent, Rupert Grint",Mike Disa,Not Rated,88 min,44
