Year,Title,Genre,Plot,Actors,Director,Rated,Runtime,Metascore
1924,Kino-Pravda No. 18: A Movie Camera Race Over 299 Meters and 14 Minutes and 50 Seconds in the Direction of Soviet Reality,"Short, News","A series of newsreel films from Dziga Vertov, Elizaveta Svilova, and Mikhail Kaufman which document Russian Life in the early 1920s.",N/A,Dziga Vertov,N/A,13 min,N/A
1924,Movie Aristocrats,"Documentary, Short",N/A,N/A,E.V. Durling,N/A,N/A,N/A
1924,The Third Dimension Movie,Short,N/A,N/A,"Frederick Eugene Ives, Jacob Leventhal",N/A,N/A,N/A
1924,A Movie Pioneer,"Animation, Short",N/A,N/A,N/A,N/A,N/A,N/A
1924,A Movie Mad Maid,"Short, Comedy",N/A,Elfie Fay,Albert Herman,N/A,N/A,N/A
