Year,Title,Genre,Plot,Actors,Director,Rated,Runtime,Metascore
2001,Scary Movie 2,"Comedy, Horror",Four teens are tricked by a professor into visiting a haunted house for a school project.,"Anna Faris, Marlon Wayans, Antony Acker",Keenen Ivory Wayans,R,83 min,29
2001,Not Another Teen Movie,Comedy,A sendup of all the teen movies that have accumulated in the past two decades.,"Chyler Leigh, Jaime Pressly, Chris Evans",Joel Gallen,R,89 min,32
2001,Cowboy Bebop: The Movie,"Animation, Action, Crime","A terrorist explosion releases a deadly virus on the masses, and it's up to the bounty-hunting Bebop crew to catch the cold-blooded culprit.","Beau Billingslea, Melissa Fahn, Nicholas Guest","Shin'ichirô Watanabe, Tensai Okamura, Hiroyuki Okiura",TV-14,115 min,61
2001,Samurai Jack: The Premiere Movie,"Animation, Action, Adventure","In ancient Japan, a samurai warrior embarks on a mission to defeat the evil wizard Aku. Before completing his task, he is jettisoned thousands of years into the future. Suddenly, he discovers he is in a world where Aku now enjoys ...","Jeff Bennett, Grey Griffin, Phil LaMarr","Genndy Tartakovsky, Robert Alvarez, Randy Myers",TV-Y7,90 min,N/A
2001,Inuyasha the Movie: Affections Touching Across Time,"Animation, Action, Adventure","During their journey, Inuyasha, Kagome and their party are attacked by Menoumaru, a monster who is looking for Tessaiga, Inuyasha's sword, to an unknown end.","Kappei Yamaguchi, Satsuki Yukino, Kôji Tsujitani",Toshiya Shinohara,Not Rated,100 min,N/A
2001,Christmas Carol: The Movie,"Animation, Family, Fantasy",Old bitter miser Ebenezer Scrooge (Simon Callow) who makes excuses for his uncaring nature learns real compassion when three ghosts visit him on Christmas Eve.,"Simon Callow, Kate Winslet, Nicolas Cage",Jimmy T. Murakami,PG,77 min,N/A
2001,Jett Jackson: The Movie,"Action, Adventure, Comedy",Jett decides to quit Silverstone and lead a normal life. On the day of his last episode he is hit on the head with a prop and in his dream he is Silverstone. He is the only one who realizes that this is a dream.,"Lee Thompson Young, Lindy Booth, Nigel Shawn Williams",Shawn Levy,PG,100 min,N/A
2001,Home Movie,Documentary,Documentary look at five unusual homes and the people who built (or adapted) them.,"Ed Peden, Ben Skora, Diana Peden",Chris Smith,TV-14,66 min,67
2001,Azumanga Daioh: The Very Short Movie,"Animation, Comedy, Short",A short compilation of humourous sketches featuring a group of friends in high school.,"Tomoko Kaneda, Yu Asakawa, Chieko Higuchi",Hiroshi Nishikiori,TV-PG,6 min,N/A
2001,Shenmue: The Movie,"Action, Adventure, Crime",Follow Ryo Hazuki as he attempts to track down the man responsible for his father's death.,"Ryan Drees, Lynn Harris, Ruth Hollyman",Yu Suzuki,N/A,88 min,N/A
