Year,Title,Genre,Plot,Actors,Director,Rated,Runtime,Metascore
1986,The Transformers: The Movie,"Animation, Action, Adventure","The Autobots must stop a colossal planet-consuming robot who goes after the Autobot Matrix of Leadership. At the same time, they must defend themselves against an all-out attack from the Decepticons.","Orson Welles, Robert Stack, Leonard Nimoy",Nelson Shin,PG,84 min,43
1986,My Little Pony: The Movie,"Animation, Adventure, Family","Ponyland comes under attack from the Smooze, a massive purple ooze created by an evil witch who plans to destroy the ponies' annual spring festival.","Danny DeVito, Madeline Kahn, Cloris Leachman","Mike Joens, Gerry Chiniquy, Ray Lee",G,86 min,23
1986,Care Bears Movie II: A New Generation,"Animation, Adventure, Comedy","The Care Bears try to help a young girl at summer camp who, in an effort to revamp her dorky social status to agility and skill, enters into a sinister bargain with a shape-shifting demon posing as a young boy.","Maxine Miller, Pam Hyatt, Hadley Kay",Dale Schott,G,76 min,N/A
1986,Kung Fu: The Movie,"Adventure, Drama, Western",Kwai Chang Caine meets up with the father of the man he killed in China who seeks revenge using Caine's own illegitimate son.,"David Carradine, Kerrie Keane, Mako",Richard Lang,N/A,89 min,N/A
1986,A King and His Movie,"Comedy, Drama","Buenos Aires movie director, very fond of the legend of the King of Patagonia and Araucania, decides to make a movie about it. Despite of financial troubles, technical problems, misfortune and desertions, he undertakes the journey...","Ulises Dumont, Julio Chávez, Villanueva Cosse",Carlos Sorin,N/A,107 min,N/A
1986,Robotech: The Movie,"Animation, Action, Music","Re-edited version of a Japanese TV serial combined with a direct-to-video anime, released in the U.S. as a feature.","Kerrigan Mahan, Iona Morris, Diane Michelle","Noboru Ishiguro, Carl Macek",PG,87 min,N/A
1986,Heathcliff: The Movie,"Family, Animation, Comedy","On a rainy day as Uncle Heathcliff is forced to babysit his nephews, and spends the time recounting his adventures, he meets a cat who looks just like him, one where he winds up working for a mob boss, one where his dad gets relea...","Mel Blanc, Donna Christie, Peter Cullen",Bruno Bianchi,G,73 min,N/A
1986,InHumanoids: The Movie,"Action, Animation, Sci-Fi, Thriller","Action-packed cartoon about the age-old fight between good and evil. Mysterious events start to happen when the government Earth Corps unearths an amber monolith in a forest; meanwhile, an ...","Michael Bell, William Callaway, Christopher Collins, Fred Collins",Ray Lee,N/A,85 min,N/A
1986,The Great Movie Robbery,"Comedy, Sci-Fi","The film is essentially a feature-length commercial for an exhibition to mark the 40th anniversary of the nationalisation of the Czech and Slovak respective film industries, to be held at the Prague U Hybernu venue. The protagonis...","Oldrich Kaiser, Jirí Lábus, Jaroslav Moucka","Oldrich Lipský, Zdenek Podskalský",N/A,77 min,N/A
1986,Captain Tsubasa Movie 04: The Great World Competition! The Junior World Cup,"Animation, Family, Sport","Tsubasa and his team enter a world cup that that has four teams: Japan, United States of America, 'All Europe' and 'All South America'.","Kôichi Hashimoto, Akari Hibino, Yoshikazu Hirano",Tatsuya Okamoto,N/A,57 min,N/A
