Year,Title,Genre,Plot,Actors,Director,Rated,Runtime,Metascore
1999,Pokémon the Movie 2000,"Animation, Action, Adventure","Ash Ketchum must gather the three spheres of fire, ice and lightning in order to restore balance to the Orange Islands.","Veronica Taylor, Rica Matsumoto, Ikue Ôtani",Kunihiko Yuyama,G,99 min,28
1999,American Movie,"Documentary, Comedy",Documentary about an aspiring filmmaker's attempts to finance his dream project by finally completing the low-budget horror film he abandoned years before.,"Mark Borchardt, Mike Schank, Tom Schimmels",Chris Smith,R,107 min,84
1999,Batman Beyond: The Movie,"Animation, Action, Sci-Fi","Decades after the retirement of Bruce Wayne as Batman, a boy dons the identity to avenge his own father's murder.","Will Friedle, Kevin Conroy, Teri Garr","Curt Geda, Butch Lukic, Dan Riba",TV-Y7,41 min,N/A
1999,Doug's 1st Movie,"Animation, Adventure, Comedy",Doug and his pal Skeeter set out to find the monster of Lucky Duck Lake.,"Thomas McHugh, Fred Newman, Chris Phillips",Maurice Joyce,G,77 min,N/A
1999,The Underground Comedy Movie,Comedy,A series of comedic short films guaranteed to offend.,"Barbara Snellenburg, Rebekah Chaney, Gloria Sperling",Vince Offer,R,88 min,N/A
1999,Cardcaptor Sakura: The Movie,"Animation, Adventure, Comedy","Ten-year old Sakura Avalon, Cardcaptor of the elusive, magical Clow Cards, unexpectedly wins a trip to Hong Kong where strange dreams lead her to an imprisoned sorceress with close connections to the creator of the cards.","Sakura Tange, Aya Hisakawa, Junko Iwao","Morio Asaka, Terry Klassen",Not Rated,80 min,N/A
1999,Revolutionary Girl Utena: The Movie,"Animation, Action, Adventure","Utena Tenjou disguises herself as a boy for the Ohtori Academy, however she encounters trouble due to a ring which shows she's skilled duelist. As well as this, the vice president of the school challenges her to a duel","Tomoko Kawakami, Yuriko Fuchizaki, Leah Applebaum","Kunihiko Ikuhara, Shingo Kaneko, Katsushi Sakurabi",Not Rated,100 min,N/A
1999,Soccer Dog: The Movie,"Comedy, Family, Sport",A heart-warming comedy about the friendship between the new kid in town and a soccer-playing dog on the lam from the dog-catcher. It's up to these two underdogs to win the PeeWee Soccer League championship game.,"James Marshall, Olivia d'Abo, Jeremy Foley",Tony Giglio,PG,98 min,N/A
1999,GTO: The Movie,"Comedy, Drama",A live action film version of the hit Japanese TV series staring Takashi Sorimachi as Eikichi Onizuka.,"Takashi Sorimachi, Norika Fujiwara, Rena Tanaka",Masayuki Suzuki,N/A,108 min,N/A
1999,Dr. Quinn Medicine Woman: The Movie,"Drama, Western","When Dr. Mike and Sully's daughter Katie is kidnapped, they and a group of townsfolk travel to Mexico to rescue her.","Jane Seymour, Joe Lando, Eduardo Yáñez",James Keach,N/A,86 min,N/A
