Year,Title,Genre,Plot,Actors,Director,Rated,Runtime,Metascore
1971,The Last Movie,Drama,"After a film production wraps in Peru, an American wrangler decides to stay behind to witness the ways that filmmaking affects the locals.","Julie Adams, Daniel Ades, Richmond L. Aguilar",Dennis Hopper,R,108 min,N/A
1971,Blue Movie,Drama,"Twenty-five-year-old Michael (Hugo Metsers) has been released from prison after a five year sentence. He moves into a big apartment block, filled with young women who gladly have sex with him.","Hugo Metsers, Helmert Woudenberg, Bruni Heinke",Wim Verstappen,Unrated,88 min,N/A
1971,The Movie Crazy Years,Documentary,N/A,"Michael Tolan, Busby Berkeley, Joan Blondell, John Bright",N/A,N/A,85 min,N/A
1971,The World Is Just a 'B' Movie,Drama,N/A,"James Christopher, Robert Lincoln Robb, Riki Ferguson","R.D. Robinson, Alan Steckery",N/A,90 min,N/A
1971,Movie Sets,Documentary,N/A,N/A,"Charles Eames, Ray Eames",N/A,N/A,N/A
1971,Oh! Movie!,Documentary,N/A,"Dieter Erfurth, Andreas Breuer, Richard Cramer, Werner Daubitz","Thomas Draeger, Dieter Erfurth",N/A,61 min,N/A
1971,Luxman Baul's Movie,Documentary,"The film has an element of music-tour documentary, but it is equally mixed with travelogue and ethnographic study. It is without the frenetic pace of the Dylan films or the intense purposefulness of the Chicago films, but instead ...",N/A,Howard Alk,N/A,90 min,N/A
1971,The House Construction Home Movie,"Animation, Short","A house is built, high in the Green Mountains, from foundation excavation to installation of windows in 11 minutes via the technique of stop-motion photography. Virtuoso banjo score by Eric "" Deliverance"" Weissberg.","Consuelo Arostegui, Richard Brick, Robert Cane, William Doyle",Richard Brick,N/A,N/A,N/A
