Year,Title,Genre,Plot,Actors,Director,Rated,Runtime,Metascore
1968,"Home Movie, autour du 'Lit de la vierge'","Documentary, Short","A painter presents his own kind of ""making of"" documentary, without dialogue, playing games with light and superimpositions.","Tina Aumont, Pierre-Richard Bré, Pierre Clémenti",Frédéric Pardo,N/A,39 min,N/A
1968,Christopher's Movie Matinee,Documentary,"When a camera crew are sent to document hippie protests in Yorkville, Canada's counter-culture capital, they are charmed by a group of misunderstood kids with their own ideas about what kind of movie to make.","Graham Bourns, Jan Casson, Malcolm Dean",Mort Ransen,N/A,88 min,N/A
1968,How to Make a Dirty Movie,Comedy,N/A,"Ann Perry, Marland Proctor, Ray Sebastian",N/A,N/A,60 min,N/A
1968,Dead Movie,N/A,N/A,N/A,Takahiko Iimura,N/A,N/A,N/A
1968,Petulia: The Uncommon Movie,"Documentary, Short",N/A,"Richard Lester, Vincent Arias, Big Brother and the Holding Company",Ronald Saland,N/A,13 min,N/A
1968,Andy Makes a Movie,"Short, Documentary","Film professor Aaron Sloan doggedly interviews a reticent and distracted Andy Warhol as he directs an ""untitled surfing movie"" (the never-released ""San Diego Surf""), on location at Cliff Robertson's La Jolla, California beach hous...","Joe Dallesandro, Eric Emerson, Tom Hompertz",Robert Emmet Smith,Not Rated,22 min,N/A
1968,The Movie Experience: A Matter of Choice,"Documentary, Short",N/A,Charlton Heston,Tracy Ward,N/A,N/A,N/A
