Year,Title,Genre,Plot,Actors,Director,Rated,Runtime,Metascore
1932,Movie Crazy,"Comedy, Family, Romance","After a mix-up with his application photograph, an aspiring actor is invited to a test screening and goes off to Hollywood.","Harold Lloyd, Constance Cummings, Kenneth Thomson","Clyde Bruckman, Harold Lloyd",Passed,84 min,N/A
1932,The Movie Album,"Documentary, Short, Comedy","This short features clips from silent films (mostly unidentified) of the 1910's, accompanied by humorous commentary. Highlighted are early appearances of stars still recognized today (e.g., Lionel Barrymore, Norma Shearer), as wel...","Lionel Barrymore, John Bunny, Harry Carey",N/A,Approved,10 min,N/A
1932,The Movie Album #2,"Short, Comedy",This short subject shows excerpts from three unidentified silent films (although several stars are identified) with humorous commentary unrelated to the actual plots.,"John Bunny, George Cooper, Dolores Costello",N/A,Approved,10 min,N/A
1932,The Naggers: Movie Dumb,Short,N/A,N/A,N/A,N/A,9 min,N/A
