Year,Title,Genre,Plot,Actors,Director,Rated,Runtime,Metascore
1982,The Pirate Movie,"Adventure, Comedy, Musical",A 1980s take-off of The Pirates of Penzance which centers on a noble pirate who leaves his profession and falls in love with a fiery young maiden.,"Kristy McNichol, Christopher Atkins, Ted Hamilton","Ken Annakin, Richard Franklin",PG,98 min,19
1982,Bugs Bunny's 3rd Movie: 1001 Rabbit Tales,"Animation, Adventure, Comedy","Rival book salesmen Bugs Bunny and Daffy Duck are forced by Sultan Yosemite Sam to read fairy tales to his spoiled, selfish son, Prince Abba-Dabba.","Mel Blanc, Arthur Q. Bryan, Shepard Menken","Friz Freleng, Chuck Jones, Robert McKimson",G,74 min,N/A
1982,Movie Madness,Comedy,"An anthology parody of film genres composed of three shorts, spoofing personal growth films, glossy soap operas, and police stories.","Peter Riegert, Diane Lane, Candy Clark","Bob Giraldi, Henry Jaglom",R,89 min,N/A
1982,Ebba the Movie,"Documentary, Music",The band 'Ebba Grön' is on tour. They were the most successful punkband in Sweden at the time and tried to have a sort of hardline attitude. In one sequence they play one of there songs in a little country church. The song is call...,"Dag Vag, Lennart Eriksson, Bo Gustaffson",Johan Donner,N/A,78 min,N/A
1982,The Slog Movie,"Documentary, Music",A raw and unparalleled DIY documentary about the West Coast Punk scene made by a group of young fans/filmmakers about the bands they loved.,"Dez Cadena, Chuck Dukowski, Greg Hetson",David Markey,Unrated,59 min,N/A
1982,E.T. and Friends: Magical Movie Visitors,Documentary,"Documentary hosted by Robin Williams about the history of aliens in the movies, made to coincide with the cinema release of E.T. the Extra-Terrestrial.","Robin Williams, Dan Aykroyd, Garrett Morris","Malcolm Leo, Andrew Solt",N/A,46 min,N/A
1982,Electric Blue the Movie,Comedy,"A compilation of clips taken from the 'Electric Blue' series of video tapes, featuring varying sexual content.","Marilyn Chambers, Desiree Cousteau, Randy Feelgood",Adam Cole,N/A,96 min,N/A
1982,Six God Combination God Mars: The Movie,"Animation, Action, Sci-Fi","The movie is just a recap of the first 25 episodes of the TV series. A.D. 1982, the planet alignment brought the human beings ordeal we should overcome, and it caused a convulsion on the Earth. During the conflict, a light fell on...","Takeshi Aono, Kinryû Arimoto, Michiko Hirai",Tetsuo Imazawa,N/A,95 min,N/A
1982,Snow: The Movie,Comedy,"Two likable larrikins check into Sundance Inn, Falls Creek, for the weekend of their lives. Aided by a disreputable ski come sex instructor, they relentlessly pursue girls, but all in vain.","David Argue, Lance Curtis, Peter Moon",Robert Gibson,N/A,85 min,N/A
1982,Dai Sentai Goggle V: The Movie,"Short, Action",Goggle V must prevent Deathdark from using their new laser weapon to destroy Tokyo.,"Ryouji Akagi, Jun'ichi Haruta, Shigeki Ishii",Shohei Tôjô,N/A,27 min,N/A
