Year,Title,Genre,Plot,Actors,Director,Rated,Runtime,Metascore
2007,The Simpsons Movie,"Animation, Adventure, Comedy","After Homer pollutes the town's water supply, Springfield is encased in a gigantic dome by the EPA and the Simpsons are declared fugitives.","Dan Castellaneta, Julie Kavner, Nancy Cartwright",David Silverman,PG-13,87 min,80
2007,Bee Movie,"Animation, Adventure, Comedy","Barry B. Benson, a bee just graduated from college, is disillusioned at his lone career choice: making honey. On a special trip outside the hive, Barry's life is saved by Vanessa, a florist in New York City. As their relationship ...","Jerry Seinfeld, Renée Zellweger, Matthew Broderick","Simon J. Smith, Steve Hickner",PG,91 min,54
2007,Epic Movie,"Adventure, Comedy, Fantasy","A spoof on previous years' epic movies (The Da Vinci Code (2006), The Chronicles of Narnia: The Lion, the Witch and the Wardrobe (2005) + 20 more), TV series, music videos and celebs. 4 orphans are on an epic adventure.","Kal Penn, Jennifer Coolidge, Fred Willard","Jason Friedberg, Aaron Seltzer",PG-13,86 min,17
2007,Aqua Teen Hunger Force Colon Movie Film for Theaters,"Animation, Action, Adventure","An action epic that explores the origins of Master Shake, Frylock, and Meatwad, better known as the Aqua Teen Hunger Force, who somehow become pitted in a battle over an immortal piece of exercise equipment.","Dana Snyder, Dave Willis, Carey Means","Matt Maiellaro, Dave Willis",R,86 min,54
2007,Naruto Shippûden: The Movie,"Animation, Action, Adventure","A powerful spirit that once threatened to destroy the world is back! Naruto's mission is to protect a priestess named Shion, who is the only one with the power to seal away the monster.","Junko Takeuchi, Chie Nakamura, Yôichi Masukawa",Hajime Kamegaki,Not Rated,94 min,N/A
2007,Kill Buljo: The Movie,"Action, Adventure, Comedy","When a likable hillbilly sees his fiance, friends and family ruthlessly gunned down at his engagement party, he becomes determined to get revenge - as soon as he wakes up from his coma.","Stig Frode Henriksen, Tommy Wirkola, Linda Øverlie Nilsen",Tommy Wirkola,R,93 min,N/A
2007,Bleach the Movie 2: The DiamondDust Rebellion,"Animation, Action, Mystery","After the treasured Ouin is stolen, Toshiro Hitsugaya disappears and becomes suspected of treason. When the Soul Society calls for his capture and execution, Substitute Soul Reaper Ichigo Kurosaki vows to prove Hitsugaya's innocence.","Masakazu Morita, Fumiko Orikasa, Hiroki Yasumoto",Noriyuki Abe,TV-14,92 min,N/A
2007,"Basic Sanitation, the Movie",Comedy,A small community of descendants of Italian immigrants in the interior of the state of Rio Grande do Sul resorts to making a video to try to solve the problems of basic sanitation that plague their village.,"Fernanda Torres, Wagner Moura, Camila Pitanga",Jorge Furtado,N/A,112 min,N/A
2007,Super Sweet 16: The Movie,Comedy,Two best friends try to outdo each other as their respective sweet 16 parties approach.,"Joey Brander, Erin Bria, Giovanni Davis",Neema Barnette,Not Rated,86 min,N/A
2007,Doraemon the Movie: Nobita's New Great Adventure into the Underworld,"Animation, Adventure, Comedy","When Nobita turned the world into a world with magic with the what-if-telephone-booth-gadget, He and his world needed to defeat the threat that became reality in this world.","Wasabi Mizuta, Megumi Ôhara, Yumi Kakazu","Yukiyo Teramoto, Kôzô Kusuba",N/A,112 min,N/A
