Year,Title,Genre,Plot,Actors,Director,Rated,Runtime,Metascore
1921,The Movie Trail,"Short, Western",N/A,"Hoot Gibson, John Judd, Charles Newton, Marcella Pershing",Charles Thompson,N/A,20 min,N/A
1921,Movie Struck,"Comedy, Short",N/A,Billy Bletcher,Ward Hayes,N/A,N/A,N/A
1921,Movie Mad,"Short, Comedy",N/A,"Dorothy Devore, Neal Burns, Gino Corrado, George B. French",William Beaudine,N/A,N/A,N/A
1921,A Monkey Movie Star,"Short, Comedy","Joe dreams he has become a high salaried, temperamental movie star.","Joe Martin, John Brown",Harry Burns,N/A,N/A,N/A
1921,A Movie Trip Through Filmland,"Animation, Short",N/A,N/A,Paul Fenton,N/A,N/A,N/A
1921,Movie Mad,"Short, Comedy",N/A,Bessie Eyton,N/A,N/A,N/A,N/A
