Year,Title,Genre,Plot,Actors,Director,Rated,Runtime,Metascore
1991,Scary Movie,"Comedy, Horror, Thriller","A paranoid teenage nerd comes to believe that an escaped lunatic may be hiding in the neighborhood Halloween house of horrors, and slowly starts to descend into madness.","John Hawkes, Suzanne Aldrich, Ev Lunning",Daniel Erickson,Not Rated,82 min,N/A
1991,"Ranma ½: The Movie, Big Trouble in Nekonron, China","Animation, Comedy, Fantasy","When Prince Kirin of the 7 Lucky Gods shows up at the Tendo dojo looking for his bride-to-be, guess who's accidentally holding the scroll that signifies his future mate? Why, Akane, of course, and the rest of the Ranma crew is for...","Kappei Yamaguchi, Megumi Hayashibara, Noriko Hidaka",Shûji Iuchi,Not Rated,74 min,N/A
1991,Chuck Amuck: The Movie,"Documentary, Biography",Discussion of the career of animator Chuck Jones.,"Chuck Jones, Maurice Noble, Lloyd Vaughan","Chuck Jones, John Needham, Abe Levitow",Unrated,51 min,N/A
1991,F.A.R.T. The Movie,Comedy,"Russell has two passions: watching television and farting! He also loves Heather. Heather HATES farting. The eternal triangle! One day she warns him, ""if they ever allow farting on ...","Joel Weiss, Shannandoah Sorin, Jeff Olsen, Issac Clay",Ray Etheridge,Not Rated,91 min,N/A
1991,"Robin Hood: The Myth, the Man, the Movie",Documentary,A documentary hosted by Pierce Brosnan examining the facts and legends surrounding the real Robin Hood. Scenes from the 1991 film Robin Hood: Prince of Thieves (1991)--for which this documentary was intended to be a companion piec...,"Pierce Brosnan, Kevin Reynolds, Kevin Costner","Michael Meadows, John Pattyson",N/A,32 min,N/A
1991,Robin Hood: The Movie,Adventure,N/A,"Richard Greene, Bernadette O'Farrell, Alan Wheatley, Leo McKern","Terence Fisher, Ralph Smart",Unrated,90 min,N/A
1991,Backyard Movie,Short,"Handwritten notes from the filmmaker are superimposed over home movies. The narration describes the filmmaker's meditations on sexuality - at 20 when his mother asks him about his sexual orientation, and at 13 when his father desc...",Ric Arrango,Bruce Weber,N/A,9 min,N/A
1991,Hot Shots: The Making of an Important Movie,"Documentary, Short",N/A,"Jim Abrahams, Lloyd Bridges, Jon Cryer, Cary Elwes",N/A,N/A,25 min,N/A
1991,The Movie Awards,Documentary,N/A,"Kirstie Alley, Anne Archer, Clint Eastwood, Hector Elizondo",Marty Pasetta,N/A,N/A,N/A
1991,Movie Love,Short,N/A,"Giannis Klados, Hristos Skouras, Mihalis Bouris","Giannis Klados, Panagiotis Tsagas",N/A,9 min,N/A
