Year,Title,Genre,Plot,Actors,Director,Rated,Runtime,Metascore
1975,Kamen Rider Amazon: The Movie,"Short, Sci-Fi",N/A,"Akiji Kobayashi, Yôji Matsuda, Mariko Matsuoka",N/A,N/A,24 min,N/A
1975,Kamen Rider Stronger the Movie,"Short, Sci-Fi","Waniida from Black Satan attacks a young boy and long-time Kamen Rider ally Tobei Tachibana, but Kamen Rider Stronger and Electro Wave Human Tackle run in to make the save. However, Shigeru and Yuriko fall into separate traps and ...","Shigeru Araki, Kyôko Okada, Akiji Kobayashi",Itaru Orita,N/A,24 min,N/A
1975,Goranger: The Movie,"Short, Sci-Fi",N/A,"Naoya Makoto, Hiroshi Miyauchi, Baku Hatakeyama",Katsuhiko Taguchi,N/A,20 min,N/A
1975,Akumaizer 3 the Movie,"Short, Sci-Fi",N/A,"Makio Inoue, Mahito Tsujimura, Jirô Yabuki",Atsuo Okunaka,N/A,24 min,N/A
1975,"You've Read the Book, Now See the Movie","Short, Animation",N/A,N/A,John Weldon,N/A,11 min,N/A
1975,Swing Movie,Short,N/A,N/A,Junichi Okuyama,N/A,35 min,N/A
1975,Goranger: Movie 2 - The Blue Fortress,"Short, Action, Adventure","Black Cross? new Commander Nichirin Kamen and agent Niji Kamen steal Go-Ranger's super helicopter, Vari Balloon and use it to attack Tokyo. Ao Ranger attempts to single handedly retrieve back the Vari Balloon but gets in over his ...","Mitsuo Andô, Jirô Daruma, Baku Hatakeyama","Hidetoshi Kitamura, Katsuhiko Taguchi, Kôichi Takemoto",N/A,N/A,N/A
1975,Episode 65: &quot;One Flew Over the Cuckoo's Nest&quot; (1975) Movie Review,Talk-Show,"Chris and Yancy review the 1975 film, ""One Flew Over the Cuckoo's Nest"". Yancy had never seen it so he gives a fresh, Millennial perspective on a Gen-X classic film. How does the film hold up after all this time? You'll get a Mill...","Yancy Eaton, Chris McBrien",N/A,N/A,N/A,N/A
1975,It's a Stagg Movie,Comedy,N/A,N/A,N/A,X,N/A,N/A
