Year,Title,Genre,Plot,Actors,Director,Rated,Runtime,Metascore
1916,Luke's Movie Muddle,"Comedy, Short","Lonesome Luke has a movie theater and also works the box office and as an usher. He has to put up with, among other things, an incompetent projectionist who falls asleep all the time. Complications ensue.","Harold Lloyd, Bebe Daniels, 'Snub' Pollard",Hal Roach,N/A,7 min,N/A
1916,A Movie Star,"Comedy, Short","Just as the local movie theater is about to begin showing a picture, the star of the film arrives to see the movie himself. On screen, the star must rescue his girl from danger. In the theater, the star finds that not all of the a...","Mack Swain, Louella Maxam, Mai Wells",Fred Hibbard,N/A,24 min,N/A
1916,The Trials of a Movie Cartoonist,"Short, Animation, Comedy",N/A,N/A,Pat Sullivan,N/A,N/A,N/A
1916,Estelle and Her Movie Hero,"Animation, Short, Comedy",N/A,N/A,Harry Palmer,N/A,N/A,N/A
1916,From Kitchen Mechanic to Movie Star,"Animation, Comedy, Short",N/A,N/A,Rube Goldberg,N/A,N/A,N/A
1916,Movie Struck,"Short, Comedy","Tess and Jerry contract the movie fever, and decide to enter the profession. Tess' parents object and lock her up in her room. Tess communicates with Jerry, and the latter aids her escape. Jerry secures a rope and attaches one end...","George Ovey, Claire Anderson, George George",Milton J. Fahrney,N/A,N/A,N/A
1916,Movie Money,"Short, Comedy",N/A,Frank Daniels,Charles Dickson,N/A,N/A,N/A
