Year,Title,Genre,Plot,Actors,Director,Rated,Runtime,Metascore
1995,A Goofy Movie,"Animation, Adventure, Comedy","When Max makes a preposterous promise to a girl he has a crush on, his chances to fulfilling it seem hopeless when he is dragged onto a cross-country trip with his embarrassing father, Goofy.","Bill Farmer, Jason Marsden, Jim Cummings",Kevin Lima,G,78 min,53
1995,The Brady Bunch Movie,Comedy,"The original 1970s TV family is now placed in the 1990s, where they're even more square and out of place than ever.","Shelley Long, Gary Cole, Christine Taylor",Betty Thomas,PG-13,90 min,54
1995,Trinity and Beyond: The Atomic Bomb Movie,"Documentary, History",The history of nuclear weapons between 1945 until 1963.,"William Shatner, Edward Teller, W.H.P. Blandy, Frank H. Shelton",Peter Kuran,Not Rated,92 min,N/A
1995,Sailor Moon SuperS: The Movie: Black Dream Hole,"Animation, Action, Comedy","When the Evil Madame Vadiane kidnaps Chibi-Usa, the senshi rush to her rescue with the aid of Chibi-Usa's new friend, Peruru. After trying to find Chibi-Usa and fight off Vadiane's henchmen to no avail, the three outer senshi (Nep...","Kotono Mitsuishi, Kae Araki, Michie Tomizawa",Hiroki Shibata,TV-14,75 min,N/A
1995,Gumby: The Movie,"Animation, Adventure, Comedy","In this offshoot of the 1950s ""claymation"" cartoon series, the crazy Blockheads threaten to ruin Gumby's benefit concert by replacing the entire city of Clokeytown with robots.","Dal McKennon, Art Clokey, Gloria Clokey",Art Clokey,G,90 min,N/A
1995,Macross Plus Movie Edition,"Animation, Action, Adventure",Two rival test pilots strive to be the best there is at what they do and also to win the heart of the woman behind the AI pop sensation Sharon Apple. Movie compilation of the acclaimed four-chapter OVA with additional scenes.,"Steve Blum, Rica Fukami, Banjô Ginga","Shôji Kawamori, Yûji Moriyama, Shin'ichirô Watanabe",N/A,115 min,N/A
1995,Wigstock: The Movie,Documentary,"Documentary/Concert film covering the annual Drag festival in New York City. Highlights include a performance by drag diva, Ru Paul, and the infamous Lypsinka.","RuPaul, John Epperson, Debbie Harry",Barry Shils,R,85 min,N/A
1995,Murder Was the Case: The Movie,"Short, Comedy, Crime, Drama, Horror, Music","Follows the exploits of Snoop Doggy Dogg as he gets shot, and makes a deal with the devil to survive.","Snoop Dogg, Charlie Murphy, Gregory Scott Cummins, Freez Luv","Dr. Dre, Fab 5 Freddy, F. Gary Gray, Ricky Harris",N/A,18 min,N/A
1995,Monster Mash: The Movie,"Comedy, Horror, Musical",Two teenagers get trapped in a house with Dr. Frankenstein who wants to transfer one of their brains to his creature.,"Ian Bohen, Candace Cameron Bure, Sarah Douglas","Joel Cohen, Alec Sokolow",PG,82 min,N/A
1995,Catnapped! The Movie,"Animation, Adventure, Family",Anthropomorphic cats abduct little kids' dog to use him as a weapon for their Mistress who wants to control the fantastical cat world. Young boy and his sister must travel to this world to save their pet and the cat world.,"Noriko Hidaka, Hiroaki Hiro, Mitsuo Iwata",Takashi Nakamura,N/A,77 min,N/A
