Year,Title,Genre,Plot,Actors,Director,Rated,Runtime,Metascore
1915,The Nightmare of a Movie Fan,"Short, Comedy",N/A,"Beatrice Van, Joe King, Ray Hanford, Charles Giblyn",Charles Giblyn,N/A,N/A,N/A
1915,A Massive Movie Mermaid,"Short, Comedy","The director of the Desperation Film Company was putting on what he regarded as the greatest ""water tragedy"" ever written. The heroine, a magnificent swimmer, is swept overboard from a yacht and drowned while her husband-to-be sheds ","Arthur Cunningham, George T. Welsh, Jack Speis",N/A,N/A,N/A,N/A
1915,Movie Fans,"Short, Comedy","The young clerk had ambitions. He could not believe that he was destined all his life to try and make figures behave. He read of a one-time shipping clerk who devoted his time to scenarios, and was drawing down $10,000 a year ther...","Lorraine Huling, Billy Sullivan, Ernest C. Warde",George Foster Platt,N/A,N/A,N/A
1915,Millions for Movie Making,"Documentary, Short",N/A,N/A,N/A,N/A,N/A,N/A
1915,Grand Opening of the World's Only Movie City,"Documentary, Short","This film comprises views taken of the celebrations attending the opening in March of Universal City, Cal., the only municipality in the world devoted entirely to the production of moving pictures. ""Big Charlie,"" the Universal elepha","Jane Bernoudy, William Clifford, Robert H. Cochrane",N/A,N/A,N/A,N/A
1915,The Movie Nut,"Short, Comedy",N/A,Bill Stinger,N/A,N/A,N/A,N/A
