Year,Title,Genre,Plot,Actors,Director,Rated,Runtime,Metascore
2019,The Lego Movie 2: The Second Part,"Animation, Action, Adventure","It's been five years since everything was awesome and the citizens are facing the huge new threat of Lego Duplo, invaders from outer space, wrecking everything faster than they can rebuild.","Chris Pratt, Elizabeth Banks, Will Arnett",Mike Mitchell,PG,107 min,65
2019,Between Two Ferns: The Movie,Comedy,Zach Galifianakis and his oddball crew take a road trip to complete a series of high-profile celebrity interviews.,"Zach Galifianakis, Matthew McConaughey, Rekha Shankar",Scott Aukerman,TV-MA,82 min,59
2019,The Angry Birds Movie 2,"Animation, Action, Adventure",The flightless birds and scheming green pigs take their feud to the next level.,"Jason Sudeikis, Josh Gad, Leslie Jones","Thurop Van Orman, John Rice",PG,97 min,60
2019,Deadwood: The Movie,"Drama, Western","As the residents of Deadwood gather to commemorate Dakota's statehood in 1889, saloon owner Al Swearengen and Marshal Seth Bullock clash with Senator George Hearst.","Timothy Olyphant, Ian McShane, Molly Parker",Daniel Minahan,TV-MA,110 min,N/A
2019,A Shaun the Sheep Movie: Farmageddon,"Animation, Adventure, Comedy","When an alien with amazing powers crash-lands near Mossy Bottom Farm, Shaun the Sheep goes on a mission to shepherd the intergalactic visitor home before a sinister organization can capture her.","Justin Fletcher, John Sparkes, Amalia Vitale","Will Becher, Richard Phelan",G,86 min,79
2019,Threat Level Midnight: The Movie,"Action, Comedy","After secret agent Michael Scarn (Steve Carell) is forced into retirement after the death of his wife Catherine Zeta-Scarn, the President of the United States of America (Craig Robinson) requests that he prevents Goldenface (John ...","Steve Carell, John Krasinski, Rainn Wilson",Tucker Gates,TV-14,25 min,N/A
2019,Steven Universe: The Movie,"Animation, Action, Adventure","Steven thinks his time defending the Earth is over, but when a new threat comes to Beach City, Steven faces his biggest challenge yet.","Zach Callison, Michaela Dietz, Estelle","Rebecca Sugar, Joseph D. Johnston, Kat Morris",TV-PG,82 min,N/A
2019,The Banana Splits Movie,"Comedy, Horror, Thriller",Young Harley is having a dream birthday; he and his family are going to watch the taping of his favourite show. But the dream becomes a nightmare when the animatronic stars turn homicidal.,"Dani Kind, Steve Lund, Celina Martin",Danishka Esterhazy,R,89 min,N/A
2019,Playmobil: The Movie,"Animation, Adventure, Comedy","When her younger brother Charlie unexpectedly disappears into the magical, animated universe of PLAYMOBIL®, unprepared Marla must go on a quest of a lifetime to bring him home, setting off on a fantastic journey across stunning ne...","Anya Taylor-Joy, Jim Gaffigan, Gabriel Bateman",Lino DiSalvo,PG,99 min,25
2019,Horrible Histories: The Movie - Rotten Romans,"Comedy, Family, History","Atti, a smart and quick-witted Roman teenager, manages to upset Emperor Nero with one of his schemes. For punishment, Atti is sent to work in a cold and wet Britain where he also meets the Celts.","Sebastian Croft, Emilia Jones, Nick Frost",Dominic Brigstocke,N/A,88 min,N/A
