Year,Title,Genre,Plot,Actors,Director,Rated,Runtime,Metascore
1983,Twilight Zone: The Movie,"Horror, Sci-Fi","Four horror and science fiction segments, directed by four famous directors, each of them being a new version of a classic story from Rod Serling's landmark television series.","Dan Aykroyd, Albert Brooks, Vic Morrow","Joe Dante, John Landis, George Miller",PG,101 min,44
1983,Hot Dog... The Movie,"Comedy, Romance, Sport",Harkin Banks heads to skiing championships in California. A teen runaway tags along as he parties and competes with friends and foes.,"David Naughton, Patrick Houser, Tracy Smith",Peter Markle,R,96 min,39
1983,Daffy Duck's Movie: Fantastic Island,"Family, Animation, Comedy","On a desert island, Daffy Duck and Speedy Gonzales find a magic well that grants any wish and they get much more than they bargained for.","Mel Blanc, June Foray, Les Tremayne","Friz Freleng, Chuck Jones, Robert McKimson",G,78 min,N/A
1983,Burroughs: The Movie,"Documentary, Biography","Burroughs: The Movie explores the life and times of controversial Naked Lunch author William S. Burroughs, with an intimacy never before seen and never repeated. The film charts the development of Burroughs' unique literary style ...","William S. Burroughs, Allen Ginsberg, Herbert Huncke",Howard Brookner,Not Rated,90 min,N/A
1983,Crusher Joe: The Movie,"Action, Animation, Sci-Fi","Amid a supposedly simple escort mission, Joe and his crew experience a failure during their warp travel. They wake up just to find out that the passengers are missing. To make things worse, the United Space Force accuses them of c...","Hiraku Takemura, Run Sasaki, Noriko Ohara","Yoshikazu Yasuhiko, Jim Terry",N/A,132 min,N/A
1983,Kagaku Sentai Dynaman the Movie,Short,N/A,"Satoshi Okita, Jun'ichi Haruta, Kouji Unogi",Shohei Tôjô,N/A,26 min,N/A
1983,Movie Blockbusters: The 15 Greatest Hits of All Time,Documentary,N/A,Christopher Plummer,Walter C. Miller,N/A,N/A,N/A
1983,Movie Star Commercials and Important Messages,"Documentary, Animation, Comedy, History",N/A,"Ann-Margret, Jack Benny, Humphrey Bogart, Richard Burton",N/A,N/A,73 min,N/A
1983,Twilight Zone: The Movie (1983) (Live),Comedy,N/A,"Frank Linkz, Richard Pires, Phoenix West",Phoenix West,N/A,N/A,N/A
1983,Episode 141: &quot;Strange Brew&quot; (1983): Movie Review,Talk-Show,"Chris nominated the 1983 movie ""Strange Brew"". In addition to reviewing the movie itself, the guys talk about the old SCTV show, Canadian stereotypes, and Toronto in the 1980's. During the trivia segment, Derek quizzes Chris on fa...","Chris McBrien, Derek Myers",N/A,N/A,N/A,N/A
