Year,Title,Genre,Plot,Actors,Director,Rated,Runtime,Metascore
1990,DuckTales the Movie: Treasure of the Lost Lamp,"Animation, Adventure, Comedy","Scrooge McDuck takes Huey, Dewey, and Louie to Egypt to find a pyramid and magic lamp.","Alan Young, Christopher Lloyd, Terence McGovern",Bob Hathcock,G,74 min,N/A
1990,Tales from the Darkside: The Movie,"Comedy, Fantasy, Horror","To stall a witch plotting to eat him, a boy reads her horror tales dealing with a collegian's resurrection of a mummy, a murderous cat, and an artist's pact with a gargoyle.","Debbie Harry, Matthew Lawrence, Christian Slater",John Harrison,R,93 min,54
1990,Jetsons: The Movie,"Animation, Comedy, Family",George Jetson is forced to uproot his family when Mr. Spacely promotes him to take charge of a new factory on a distant planet.,"George O'Hanlon, Penny Singleton, Mel Blanc","Iwao Takamoto, Joseph Barbera, William Hanna",G,82 min,46
1990,Chibi Maruko-chan Movie,"Animation, Comedy, Family",N/A,"Tarako, Yûsaku Yara, Teiyû Ichiryûsai","Tsutomu Shibayama, Yumiko Suda",N/A,94 min,N/A
1990,"Please Hammer, Don't Hurt 'Em: The Movie",Music,"MC Hammer returns to his hometown and, with the help of some funky tunes, defeats a druglord who is using kids to traffic his stuff.","Beatpusher, Michele L. Jennings, M.C. Hammer, Markus Maguire",Rupert Wainwright,N/A,60 min,N/A
1990,Making of Dreams: A Movie Conversation between Akira Kurosawa and Nobuhiko Obayashi,Documentary,On set making-of documentary about Akira Kurosawa's Dreams.,"Akira Kurosawa, Nobuhiko Ôbayashi",Nobuhiko Ôbayashi,N/A,150 min,N/A
1990,It's Only a Movie!,Comedy,A film crew is shooting a murder mystery in a haunted house when members of the cast and crew start turning up dead.,"Brian Dixon, Joe Zaso",Joe Zaso,N/A,N/A,N/A
1990,DuckTales: The Movie Special,Family,"Kadeem Hardison from ""Different World, A"" (1987) [TV-Series 1987-1993] and Tracey Gold of ""Growing Pains"" (1985) [TV-Series 1985-1992] co-host this primetime television special to promote ""...","Tracey Gold, Kadeem Hardison","Adam Small, Barbara Williams",N/A,30 min,N/A
1990,Surfers: The Movie,Documentary,"Directed by Bill Delaney, Surfers: The Movie truly wraps up how surfing looked like in the 1980s. As Sunny Garcia says in the film, ""I like to see people's faces after I beat them."" The film reveals the bold personalities, the big...","Mike Cruickshank, Mickey Dora, Johnny Boy Gomes",Bill Delaney,N/A,87 min,N/A
1990,The Violence Movie 2,"Short, Horror",N/A,Joseph Shaughnessy,Eric D. Wilkinson,N/A,19 min,N/A
