Year,Title,Genre,Plot,Actors,Director,Rated,Runtime,Metascore
2008,Disaster Movie,"Comedy, Sci-Fi","Over the course of one evening, an unsuspecting group of twenty-somethings find themselves bombarded by a series of natural disasters and catastrophic events.","Carmen Electra, Vanessa Lachey, Nicole Parker","Jason Friedberg, Aaron Seltzer",PG-13,87 min,15
2008,Superhero Movie,"Action, Comedy, Sci-Fi","Orphaned high school student Rick Riker is bitten by a radioactive dragonfly, develops super powers (except for the ability to fly), and becomes a hero.","Drake Bell, Leslie Nielsen, Sara Paxton",Craig Mazin,PG-13,75 min,33
2008,The Onion Movie,Comedy,Satirical interpretations of world events and curious human behavior.,"Len Cariou, Sarah McElligott, Amir Talai","Tom Kuntz, Mike Maguire",Not Rated,86 min,N/A
2008,Extreme Movie,Comedy,A sketch-comedy movie about the joys and embarrassments of teen sex. But mostly the embarrassments.,"Frankie Muniz, Michael Cera, Ashley Schneider","Adam Jay Epstein, Andrew Jacobson",R,86 min,N/A
2008,Naruto Shippuden: The Movie - Bonds,"Animation, Action, Fantasy","A mysterious group of ninja called the Sora-nin from the Sky Country makes a surprise attack on Konoha. This is because Konoha nearly destroyed the Sky Country during the last Shinobi World War, yet they survived and now they're a...","Junko Takeuchi, Chie Nakamura, Noriaki Sugiyama",Hajime Kamegaki,TV-14,98 min,N/A
2008,Home Movie,"Drama, Horror, Thriller","In the remote woods of Upstate New York, David and Clare Poe are attempting to live an idyllic life. However, their twin children's bizarre behavior might just tear the family apart.","Lucian Maisel, Cady McClain, Adrian Pasdar",Christopher Denham,R,77 min,N/A
2008,Midnight Movie,"Fantasy, Horror, Thriller",A midnight showing of an early 1970's horror movie turns to chaos when the Killer from the movie comes out of the film to attack those in the theater.,"Rebekah Brandes, Daniel Bonjour, Greg Cirulnick",Jack Messitt,R,82 min,N/A
2008,Killer Movie,"Comedy, Horror, Mystery",A reality TV director copes with a spoiled celebutante and a show gone haywire when a masked killer starts bumping off the crew in this slasher-movie satire.,"Paul Wesley, Kaley Cuoco, Gloria Votsis",Jeff Fisher,R,93 min,N/A
2008,The Best Movie,Comedy,"Vadik Volnov dies on his own wedding of cannabis overdose and has to prove to God that he is worthy to enter Heaven. During his conversation with God's secretary, Vadik recalls numerous memorable moments of his earthly existence.","Garik Kharlamov, Mikhail Galustyan, Armen Dzhigarkhanyan",Kirill Kuzin,N/A,110 min,N/A
2008,Gurren Lagann the Movie: Childhood's End,"Animation, Action, Comedy","Simon and Kamina, brothers in arms, take upon themselves to venture beyond the borders of their world, reality and imagination. Venturing further and further into a hidden truth that has kept humanity prisoners for millennia.","Steve Blum, Johnny Yong Bosch, G.K. Bowes","Hiroyuki Imaishi, Shin Itagaki, Tarô Iwasaki",TV-PG,112 min,N/A
